Date,Open,High,Low,Close,Adj Close,Volume,Adj Close
2023-06-30,0.21833999454975128,0.23115800321102142,0.21043600142002106,0.2270440012216568,0.2270440012216568,55912510,91.27189636230469
2023-06-29,0.21435099840164185,0.22439800202846527,0.21435099840164185,0.21836000680923462,0.21836000680923462,22836398,91.15969848632812
2023-06-28,0.2339950054883957,0.23425699770450592,0.21170899271965027,0.21441499888896942,0.21441499888896942,36907642,91.60189819335938
2023-06-27,0.21983499825000763,0.23700900375843048,0.21937400102615356,0.23398199677467346,0.23398199677467346,51781591,91.56490325927734
2023-06-26,0.22807200253009796,0.23268400132656097,0.21735699474811554,0.21981500089168549,0.21981500089168549,35023459,91.7645034790039
2023-06-23,0.22912800312042236,0.24820999801158905,0.22910399734973907,0.23860199749469757,0.23860199749469757,57544013,91.65499877929688
2023-06-22,0.223471000790596,0.25261300802230835,0.2226330041885376,0.22909200191497803,0.22909200191497803,98532339,91.5270004272461
2023-06-21,0.19929899275302887,0.22787299752235413,0.19929899275302887,0.22348199784755707,0.22348199784755707,69348880,91.76480102539062
2023-06-20,0.18938300013542175,0.19955499470233917,0.18267400562763214,0.1993200033903122,0.1993200033903122,32274029,91.77660369873047
2023-06-16,0.18253999948501587,0.19432799518108368,0.1808999925851822,0.19028499722480774,0.19028499722480774,37033774,91.61499786376953
2023-06-15,0.18010400235652924,0.18790200352668762,0.17342600226402283,0.18251000344753265,0.18251000344753265,29579255,91.82499694824219
2023-06-14,0.18945500254631042,0.19237899780273438,0.17776000499725342,0.18018199503421783,0.18018199503421783,27767735,91.45999908447266
2023-06-13,0.18547700345516205,0.19376200437545776,0.18355299532413483,0.18945500254631042,0.18945500254631042,36363440,91.375
2023-06-12,0.1831579953432083,0.1895579993724823,0.1779700070619583,0.18547099828720093,0.18547099828720093,28474727,91.73090362548828
2023-06-09,0.2282020002603531,0.22978299856185913,0.21698400378227234,0.2191700041294098,0.2191700041294098,26035148,91.6406021118164
2023-06-08,0.22863100469112396,0.2318049967288971,0.2230519950389862,0.2282160073518753,0.2282160073518753,24523248,91.86699676513672
2023-06-07,0.24598999321460724,0.246070995926857,0.22684599459171295,0.2285809963941574,0.2285809963941574,39260985,91.57460021972656
2023-06-06,0.2416660040616989,0.251257985830307,0.2339780032634735,0.24601000547409058,0.24601000547409058,34264559,91.85690307617188
2023-06-05,0.2708840072154999,0.2716279923915863,0.2295050024986267,0.24175100028514862,0.24175100028514862,53794570,91.90750122070312
2023-06-02,0.2626970112323761,0.2792789936065674,0.2589719891548157,0.2733980119228363,0.2733980119228363,45120410,91.86979675292969
2023-06-01,0.26409998536109924,0.26896101236343384,0.25484699010849,0.26269999146461487,0.26269999146461487,43268671,92.24240112304688
2023-05-31,0.2767150104045868,0.28883200883865356,0.259552001953125,0.2641049921512604,0.2641049921512604,61344777,92.10060119628906
2023-05-30,0.2612369954586029,0.28385698795318604,0.257515013217926,0.2767930030822754,0.2767930030822754,70094022,91.89959716796875
2023-05-26,0.2372709959745407,0.24899299442768097,0.23216700553894043,0.2450139969587326,0.2450139969587326,54597636,91.49140167236328
2023-05-25,0.23224900662899017,0.24590599536895752,0.22464099526405334,0.2372879981994629,0.2372879981994629,63671978,91.481201171875
2023-05-24,0.24519400298595428,0.24519400298595428,0.22311100363731384,0.2322770059108734,0.2322770059108734,40769781,91.83200073242188
2023-05-23,0.24001500010490417,0.24825499951839447,0.23785999417304993,0.2451860010623932,0.2451860010623932,31788522,91.97760009765625
2023-05-22,0.2432290017604828,0.24476100504398346,0.23497499525547028,0.24002699553966522,0.24002699553966522,31591209,91.91329956054688
2023-05-19,0.24712200462818146,0.283286988735199,0.2427770048379898,0.26499199867248535,0.26499199867248535,108459958,91.96929931640625
2023-05-18,0.25686800479888916,0.25824999809265137,0.24264000356197357,0.24717800319194794,0.24717800319194794,29299485,92.0999984741211
2023-05-17,0.24462400376796722,0.2595129907131195,0.23830699920654297,0.25682100653648376,0.25682100653648376,34885800,92.37090301513672
2023-05-16,0.24703499674797058,0.24863499402999878,0.24023500084877014,0.2446250021457672,0.2446250021457672,27451682,92.56320190429688
2023-05-15,0.24148300290107727,0.25270000100135803,0.2363789975643158,0.24701499938964844,0.24701499938964844,32332179,92.72350311279297
2023-05-12,0.2420250028371811,0.24606899917125702,0.23048000037670135,0.24547700583934784,0.24547700583934784,37237928,92.7938003540039
2023-05-11,0.2631480097770691,0.2631480097770691,0.23441100120544434,0.24210000038146973,0.24210000038146973,38112333,93.13999938964844
2023-05-10,0.263837993144989,0.2727470099925995,0.2512750029563904,0.26311999559402466,0.26311999559402466,52564931,92.93579864501953
2023-05-09,0.2599349915981293,0.264629989862442,0.24876099824905396,0.2638849914073944,0.2638849914073944,38353360,92.59500122070312
2023-05-08,0.29048100113868713,0.2927829921245575,0.24950000643730164,0.2599250078201294,0.2599250078201294,50421542,92.58419799804688
2023-05-05,0.31020399928092957,0.31347399950027466,0.30065101385116577,0.3106040060520172,0.3106040060520172,34483257,92.86399841308594
2023-05-04,0.32501399517059326,0.3255839943885803,0.3082689940929413,0.31019601225852966,0.31019601225852966,28267811,93.16000366210938
2023-05-03,0.319133996963501,0.32786300778388977,0.30002298951148987,0.32498499751091003,0.32498499751091003,46854005,93.10369873046875
2023-05-02,0.31850001215934753,0.3206239938735962,0.31187498569488525,0.31913501024246216,0.31913501024246216,27137142,92.77459716796875
2023-05-01,0.3297770023345947,0.33024299144744873,0.3144710063934326,0.31848400831222534,0.31848400831222534,35563979,92.33489990234375
2023-04-28,0.34408700466156006,0.3468649983406067,0.3312250077724457,0.33354300260543823,0.33354300260543823,37579989,92.68229675292969
2023-04-27,0.3341819941997528,0.34730398654937744,0.3312540054321289,0.3441280126571655,0.3441280126571655,54647933,92.44499969482422
2023-04-26,0.3450450003147125,0.36092299222946167,0.3180600106716156,0.33407899737358093,0.33407899737358093,81426063,92.76499938964844
2023-04-25,0.33219900727272034,0.34577998518943787,0.3205550014972687,0.3450469970703125,0.3450469970703125,44045971,92.90619659423828
2023-04-24,0.3354870080947876,0.34421399235725403,0.32676100730895996,0.3322399854660034,0.3322399854660034,37303099,92.40350341796875
2023-04-21,0.3637140095233917,0.3661159873008728,0.33090901374816895,0.3339399993419647,0.3339399993419647,70930139,92.26499938964844
2023-04-20,0.37352100014686584,0.3808310031890869,0.3534730076789856,0.36370500922203064,0.36370500922203064,94798743,92.28520202636719
2023-04-19,0.4245940148830414,0.4275580048561096,0.37071600556373596,0.373649001121521,0.373649001121521,107327826,92.01110076904297
2023-04-18,0.4277620017528534,0.44298601150512695,0.41396498680114746,0.42465201020240784,0.42465201020240784,110225279,92.16000366210938
2023-04-17,0.40549200773239136,0.444676011800766,0.39485499262809753,0.4276840090751648,0.4276840090751648,177189963,92.11499786376953
2023-04-14,0.3619700074195862,0.4134199917316437,0.361409991979599,0.4048829972743988,0.4048829972743988,212420509,92.36499786376953
2023-04-13,0.34190699458122253,0.36403200030326843,0.3388749957084656,0.3620010018348694,0.3620010018348694,68993533,92.60919952392578
2023-04-12,0.35270801186561584,0.35394999384880066,0.33482998609542847,0.34160101413726807,0.34160101413726807,45710620,92.61689758300781
2023-04-11,0.3558250069618225,0.3641529977321625,0.35170701146125793,0.3526960015296936,0.3526960015296936,61794497,92.46890258789062
2023-04-10,0.34435099363327026,0.3569850027561188,0.33694300055503845,0.35583800077438354,0.35583800077438354,52765073,92.49150085449219
2023-04-06,0.3640809953212738,0.3640809953212738,0.35065698623657227,0.3526409864425659,0.3526409864425659,32557105,92.92120361328125
2023-04-05,0.3610369861125946,0.3748440146446228,0.35424700379371643,0.36404499411582947,0.36404499411582947,53427905,92.93920135498047
2023-04-04,0.35172098875045776,0.36247798800468445,0.3462429940700531,0.36103299260139465,0.36103299260139465,47220370,92.81500244140625
2023-04-03,0.3496209979057312,0.35934799909591675,0.33900800347328186,0.351749986410141,0.351749986410141,49165744,92.47219848632812
2023-03-31,0.36491501331329346,0.36997100710868835,0.35659900307655334,0.36672401428222656,0.36672401428222656,40915025,92.18499755859375
2023-03-30,0.38523000478744507,0.3895129859447479,0.35628899931907654,0.3648020029067993,0.3648020029067993,56411856,91.87560272216797
2023-03-29,0.35579100251197815,0.3883270025253296,0.35488200187683105,0.3852570056915283,0.3852570056915283,107036107,91.81520080566406
2023-03-28,0.3466930091381073,0.3584910035133362,0.3343620002269745,0.355787992477417,0.355787992477417,50918918,92.16310119628906
2023-03-27,0.3728350102901459,0.3737559914588928,0.33630600571632385,0.34671199321746826,0.34671199321746826,48530683,92.2666015625
2023-03-24,0.3876810073852539,0.3879460096359253,0.3604139983654022,0.36838799715042114,0.36838799715042114,50931595,92.83589935302734
2023-03-23,0.38016098737716675,0.3929080069065094,0.3749380111694336,0.38770800828933716,0.38770800828933716,60280506,92.80979919433594
2023-03-22,0.39686501026153564,0.40300101041793823,0.364190012216568,0.38017499446868896,0.38017499446868896,94848700,92.47509765625
2023-03-21,0.39351698756217957,0.41423499584198,0.38208600878715515,0.3970009982585907,0.3970009982585907,64453182,91.7655029296875
2023-03-20,0.42139899730682373,0.42296698689460754,0.38742101192474365,0.39347100257873535,0.39347100257873535,93151849,92.08000183105469
2023-03-17,0.42232999205589294,0.44989699125289917,0.41198500990867615,0.44801101088523865,0.44801101088523865,140976425,92.34459686279297
2023-03-16,0.41076698899269104,0.4376809895038605,0.3990649878978729,0.42224401235580444,0.42224401235580444,144462145,91.63600158691406
2023-03-15,0.45129600167274475,0.4782469868659973,0.3849779963493347,0.4104459881782532,0.4104459881782532,268466176,92.06700134277344
2023-03-14,0.3889409899711609,0.4813860058784485,0.37841901183128357,0.4506860077381134,0.4506860077381134,307665121,91.40840148925781
2023-03-13,0.3833020031452179,0.399057000875473,0.356904000043869,0.38892900943756104,0.38892900943756104,173652400,91.82430267333984
2023-03-10,0.3204370141029358,0.33750399947166443,0.2978990077972412,0.3344070017337799,0.3344070017337799,117930682,91.12529754638672
2023-03-09,0.3465439975261688,0.37102699279785156,0.31581100821495056,0.3205519914627075,0.3205519914627075,104821574,90.42630004882812
2023-03-08,0.400860995054245,0.4039689898490906,0.3425770103931427,0.34636399149894714,0.34636399149894714,79765684,90.01899719238281
2023-03-07,0.41997700929641724,0.4259989857673645,0.3875330090522766,0.40097299218177795,0.40097299218177795,80555864,90.20999908447266
2023-03-06,0.43177199363708496,0.43177199363708496,0.4140639901161194,0.4200020134449005,0.4200020134449005,61152637,90.4000015258789
2023-03-03,0.4676780104637146,0.46894100308418274,0.40525901317596436,0.4395579993724823,0.4395579993724823,130697421,90.35859680175781
2023-03-02,0.4851740002632141,0.48557600378990173,0.4506070017814636,0.4674200117588043,0.4674200117588043,108169868,90.08499908447266
2023-03-01,0.43959999084472656,0.49299100041389465,0.43959999084472656,0.4853929877281189,0.4853929877281189,179702204,90.20999908447266
2023-02-28,0.4358449876308441,0.48939400911331177,0.4335319995880127,0.43960899114608765,0.43960899114608765,212294805,90.435302734375
2023-02-27,0.43456900119781494,0.4487139880657196,0.42259201407432556,0.43583598732948303,0.43583598732948303,79665803,90.40670013427734
2023-02-24,0.43673399090766907,0.47872599959373474,0.4345490038394928,0.47819700837135315,0.47819700837135315,228418814,90.29499816894531
2023-02-23,0.4383719861507416,0.46938300132751465,0.42952099442481995,0.4367710053920746,0.4367710053920746,121480528,90.59100341796875
2023-02-22,0.4339640140533447,0.44076600670814514,0.40567299723625183,0.43831101059913635,0.43831101059913635,119221916,90.43150329589844
2023-02-21,0.41811999678611755,0.4978800117969513,0.41739699244499207,0.43428999185562134,0.43428999185562134,310832052,90.5
2023-02-17,0.41448700428009033,0.44725900888442993,0.4142949879169464,0.44388601183891296,0.44388601183891296,93197387,90.81770324707031
2023-02-16,0.4737739861011505,0.4823960065841675,0.41416099667549133,0.4144339859485626,0.4144339859485626,157491872,90.83000183105469
2023-02-15,0.452318012714386,0.4776729941368103,0.4184119999408722,0.47399500012397766,0.47399500012397766,176225872,90.83499908447266
2023-02-14,0.385998010635376,0.46097299456596375,0.3797439932823181,0.452224999666214,0.452224999666214,217340211,90.8772964477539
2023-02-13,0.39881500601768494,0.40801700949668884,0.36899301409721375,0.3859589993953705,0.3859589993953705,99787739,91.12100219726562
2023-02-10,0.3896450102329254,0.45065099000930786,0.38402000069618225,0.4237219989299774,0.4237219989299774,269673392,91.09500122070312
2023-02-09,0.4763540029525757,0.495510995388031,0.37348100543022156,0.38953399658203125,0.38953399658203125,297660765,91.27510070800781
2023-02-08,0.5440980195999146,0.6003519892692566,0.4490419924259186,0.4761579930782318,0.4761579930782318,441736031,91.4760971069336
2023-02-07,0.43227800726890564,0.5737419724464417,0.43227800726890564,0.5446959733963013,0.5446959733963013,494716383,91.36299896240234
2023-02-06,0.4517369866371155,0.471653014421463,0.40862300992012024,0.43231201171875,0.43231201171875,288086277,91.40399932861328
2023-02-03,0.2746880054473877,0.3357529938220978,0.26993000507354736,0.329461008310318,0.329461008310318,155100595,91.86180114746094
2023-02-02,0.2889519929885864,0.29834601283073425,0.2742129862308502,0.27483001351356506,0.27483001351356506,72573753,92.40409851074219
2023-02-01,0.275738000869751,0.2983179986476898,0.25850701332092285,0.28884199261665344,0.28884199261665344,69550173,92.3676986694336
2023-01-31,0.2654710114002228,0.2832840085029602,0.25973600149154663,0.27578800916671753,0.27578800916671753,50938682,91.9625015258789
2023-01-30,0.28852400183677673,0.28873100876808167,0.2597939968109131,0.2651880085468292,0.2651880085468292,42789824,91.76499938964844
2023-01-27,0.2635279893875122,0.29748600721359253,0.25763699412345886,0.2802860140800476,0.2802860140800476,75453789,91.90029907226562
2023-01-26,0.27031800150871277,0.27893099188804626,0.261137992143631,0.26353099942207336,0.26353099942207336,42430880,91.98580169677734
2023-01-25,0.2651059925556183,0.27884501218795776,0.2549610137939453,0.2703329920768738,0.2703329920768738,55238484,92.0999984741211
2023-01-24,0.2847590148448944,0.29293200373649597,0.26082900166511536,0.2647939920425415,0.2647939920425415,55139033,92.0656967163086
2023-01-23,0.2661589980125427,0.3044779896736145,0.2652679979801178,0.28487101197242737,0.28487101197242737,127353861,91.95999908447266
2023-01-20,0.27191901206970215,0.2931939959526062,0.259550005197525,0.28370800614356995,0.28370800614356995,86273204,92.03500366210938
2023-01-19,0.2490749955177307,0.27351701259613037,0.2456739991903305,0.27172398567199707,0.27172398567199707,81327606,92.27519989013672
2023-01-18,0.27978000044822693,0.2962320148944855,0.24046799540519714,0.24905399978160858,0.24905399978160858,151658529,92.3550033569336
2023-01-17,0.22903500497341156,0.2817150056362152,0.2250880002975464,0.2797029912471771,0.2797029912471771,170007723,91.81159973144531
2023-01-13,0.2025890052318573,0.250995010137558,0.2025890052318573,0.24004800617694855,0.24004800617694855,158012639,91.83519744873047
2023-01-12,0.18757200241088867,0.2159619927406311,0.17986099421977997,0.20269399881362915,0.20269399881362915,108788929,92.06929779052734
2023-01-11,0.18979400396347046,0.20448000729084015,0.17433300614356995,0.18133799731731415,0.18133799731731415,112394943,91.64070129394531
2023-01-10,0.15293599665164948,0.19533999264240265,0.14723099768161774,0.19004599750041962,0.19004599750041962,121938019,91.38610076904297
2023-01-09,0.1405400037765503,0.1703830063343048,0.13922999799251556,0.15286800265312195,0.15286800265312195,78697151,91.5999984741211
2023-01-06,0.1065170019865036,0.13359199464321136,0.1065170019865036,0.1246889978647232,0.1246889978647232,64516293,91.4083023071289
2023-01-05,0.11288200318813324,0.11324600130319595,0.10625100135803223,0.10646600276231766,0.10646600276231766,18412716,90.75140380859375
2023-01-04,0.10236900299787521,0.11597400158643723,0.10171999782323837,0.11304400116205215,0.11304400116205215,40393622,90.87920379638672
2023-01-03,0.09654399752616882,0.10342299938201904,0.09639099985361099,0.10229700058698654,0.10229700058698654,24175516,90.6187973022461
2022-12-30,0.0924760028719902,0.09496399760246277,0.08963199704885483,0.09362299740314484,0.09362299740314484,9541780,90.43170166015625
2022-12-29,0.0958620011806488,0.09866800159215927,0.0903019979596138,0.09247799962759018,0.09247799962759018,11183699,90.59230041503906
2022-12-28,0.09798800200223923,0.10258899629116058,0.09410600364208221,0.09583599865436554,0.09583599865436554,17405929,90.43470001220703
2022-12-27,0.09935300052165985,0.10203699767589569,0.09613200277090073,0.09798599779605865,0.09798599779605865,16794196,90.50959777832031
2022-12-23,0.09409700334072113,0.0961190015077591,0.08987999707460403,0.0903410017490387,0.0903410017490387,14305274,90.80449676513672
2022-12-22,0.09343499690294266,0.09997200220823288,0.08871299773454666,0.09403800219297409,0.09403800219297409,40107104,90.94519805908203
2022-12-21,0.08575200289487839,0.0960099995136261,0.08230900019407272,0.09344000369310379,0.09344000369310379,37991216,90.9656982421875
2022-12-20,0.08454199880361557,0.08880899846553802,0.0844310000538826,0.0857589989900589,0.0857589989900589,10343870,91.18489837646484
2022-12-19,0.08804900199174881,0.09091299772262573,0.08354999870061874,0.08456999808549881,0.08456999808549881,15836984,91.4354019165039
2022-12-16,0.10151000320911407,0.10601399838924408,0.09011700004339218,0.09059599786996841,0.09059599786996841,37158552,91.74710083007812
2022-12-15,0.09989900141954422,0.10428299754858017,0.09621100127696991,0.10142400115728378,0.10142400115728378,35484388,91.78459930419922
2022-12-14,0.09077999740839005,0.11190400272607803,0.09067200124263763,0.09990700334310532,0.09990700334310532,82518524,91.74210357666016
2022-12-13,0.09547500312328339,0.09822099655866623,0.08923599869012833,0.09078200161457062,0.09078200161457062,26007545,91.63490295410156
2022-12-12,0.10408499836921692,0.10872499644756317,0.09448699653148651,0.09547699987888336,0.09547699987888336,42897541,91.2197036743164
2022-12-09,0.08889000117778778,0.12901000678539276,0.08889000117778778,0.12066700309515,0.12066700309515,252396425,91.31390380859375
2022-12-08,0.08124300092458725,0.09759700298309326,0.07425399869680405,0.088919997215271,0.088919997215271,114440129,91.51210021972656
2022-12-07,0.06999800354242325,0.08312000334262848,0.065932996571064,0.08101499825716019,0.08101499825716019,46887931,91.69490051269531
2022-12-06,0.0684330016374588,0.07868000119924545,0.0675479993224144,0.07000099867582321,0.07000099867582321,34479091,91.30999755859375
2022-12-05,0.06334500014781952,0.0729999989271164,0.0632459968328476,0.06843599677085876,0.06843599677085876,45584044,91.15489959716797
2022-12-02,0.062217000871896744,0.06405399739742279,0.06192899867892265,0.06379300355911255,0.06379300355911255,5706768,91.60009765625
2022-12-01,0.0633699968457222,0.06394699960947037,0.062116000801324844,0.062213998287916183,0.062213998287916183,5854572,91.51609802246094
2022-11-30,0.06224299967288971,0.06389100104570389,0.06184599921107292,0.06339800357818604,0.06339800357818604,7238500,90.95999908447266
2022-11-29,0.061073001474142075,0.06339199841022491,0.06076899915933609,0.06223199889063835,0.06223199889063835,7549756,90.61509704589844
2022-11-28,0.06223500147461891,0.06329499930143356,0.059216998517513275,0.06106000021100044,0.06106000021100044,9582288,90.80960083007812
2022-11-25,0.0627639964222908,0.06327900290489197,0.060026999562978745,0.06231600046157837,0.06231600046157837,12296757,90.779296875
2022-11-23,0.0567610003054142,0.07345099747180939,0.056453999131917953,0.06373900175094604,0.06373900175094604,46148601,90.74500274658203
2022-11-22,0.054924000054597855,0.056786999106407166,0.05300299823284149,0.05678499862551689,0.05678499862551689,4558437,90.47000122070312
2022-11-21,0.05767500028014183,0.05767500028014183,0.05469299852848053,0.054947998374700546,0.054947998374700546,5159157,90.34490203857422
2022-11-18,0.060224998742341995,0.06159200146794319,0.05961000174283981,0.05999799817800522,0.05999799817800522,4198444,90.385498046875
2022-11-17,0.060899000614881516,0.061388999223709106,0.05971499904990196,0.06022600084543228,0.06022600084543228,3618800,90.56529998779297
2022-11-16,0.06230900064110756,0.06394699960947037,0.05993499979376793,0.06090899929404259,0.06090899929404259,4252829,90.83100128173828
2022-11-15,0.06314899772405624,0.064240001142025,0.0613740012049675,0.06227799877524376,0.06227799877524376,4782356,90.61689758300781
2022-11-14,0.060398999601602554,0.06323999911546707,0.0571650005877018,0.06323999911546707,0.06323999911546707,6064057,90.25489807128906
2022-11-11,0.06883600354194641,0.06902799755334854,0.06243700161576271,0.06486500054597855,0.06486500054597855,6655829,90.375
2022-11-10,0.06011100113391876,0.0703589990735054,0.05938500165939331,0.06886100023984909,0.06886100023984909,9622003,90.42440032958984
2022-11-09,0.0775270015001297,0.0775270015001297,0.05863599851727486,0.060074999928474426,0.060074999928474426,12574829,89.26000213623047
2022-11-08,0.08801499754190445,0.08889699727296829,0.07401599735021591,0.07753899693489075,0.07753899693489075,10208568,89.17980194091797
2022-11-07,0.08919700235128403,0.09106200188398361,0.08632099628448486,0.0880270004272461,0.0880270004272461,6200381,88.9572982788086
2022-11-04,0.08692199736833572,0.09195999801158905,0.08658000081777573,0.09053599834442139,0.09053599834442139,10668740,89.10160064697266
2022-11-03,0.08021499961614609,0.09014999866485596,0.08010300248861313,0.08681800216436386,0.08681800216436386,19258978,89.00340270996094
2022-11-02,0.08261899650096893,0.08326800167560577,0.07958699762821198,0.0802140012383461,0.0802140012383461,6890673,89.21160125732422
2022-11-01,0.08504699915647507,0.08559600263834,0.08212000131607056,0.08254099637269974,0.08254099637269974,7026645,89.32689666748047
2022-10-31,0.08410199731588364,0.08620700240135193,0.08367899805307388,0.0850130021572113,0.0850130021572113,6314190,89.2936019897461
2022-10-28,0.08106999844312668,0.08335000276565552,0.08053900301456451,0.08237600326538086,0.08237600326538086,4440683,89.54440307617188
2022-10-27,0.08183100074529648,0.08408399671316147,0.08089900016784668,0.08110100030899048,0.08110100030899048,5791383,89.75299835205078
2022-10-26,0.0817520022392273,0.08359400182962418,0.08156800270080566,0.08180499821901321,0.08180499821901321,5071926,89.44049835205078
2022-10-25,0.08036799728870392,0.08261500298976898,0.0796319991350174,0.08176600188016891,0.08176600188016891,5551848,89.26629638671875
2022-10-24,0.08154799789190292,0.08168400079011917,0.07976999878883362,0.08036399632692337,0.08036399632692337,4730884,88.88009643554688
2022-10-21,0.08072800189256668,0.0819540023803711,0.07805400341749191,0.08063399791717529,0.08063399791717529,5497861,88.8895034790039
2022-10-20,0.08144699782133102,0.08188699930906296,0.07974900305271149,0.08073099702596664,0.08073099702596664,4410266,88.60900115966797
2022-10-19,0.08455199748277664,0.08523599803447723,0.08143600076436996,0.08144599944353104,0.08144599944353104,5271358,88.89179992675781
2022-10-18,0.08743000030517578,0.08889299631118774,0.08325500041246414,0.08454100042581558,0.08454100042581558,8059068,89.3302001953125
2022-10-17,0.08544699847698212,0.0883990004658699,0.08322899788618088,0.08742500096559525,0.08742500096559525,11080212,89.21289825439453
2022-10-14,0.0823879987001419,0.08433900028467178,0.07975400239229202,0.08071999996900558,0.08071999996900558,9264204,89.14409637451172
2022-10-13,0.07969900220632553,0.0839729979634285,0.0741640031337738,0.082396000623703,0.082396000623703,16018393,89.30599975585938
2022-10-12,0.07941599935293198,0.08064000308513641,0.07925999909639359,0.07971599698066711,0.07971599698066711,6972172,89.55269622802734
2022-10-11,0.07997699826955795,0.08224400132894516,0.07916899770498276,0.07940900325775146,0.07940900325775146,8736242,89.46849822998047
2022-10-10,0.08266700059175491,0.08400499820709229,0.07997599989175797,0.07997599989175797,0.07997599989175797,9566898,89.47840118408203
2022-10-07,0.08072900027036667,0.0812000036239624,0.07939700037240982,0.0800589993596077,0.0800589993596077,4520792,89.6104965209961
2022-10-06,0.08131600171327591,0.0822409987449646,0.0804390013217926,0.08073200285434723,0.08073200285434723,4604470,89.94000244140625
2022-10-05,0.08230900019407272,0.08267100155353546,0.08003900200128555,0.08131399750709534,0.08131399750709534,4678893,90.07209777832031
2022-10-04,0.08075500279664993,0.08281499892473221,0.08044099807739258,0.08231200277805328,0.08231200277805328,5035244,90.44560241699219
2022-10-03,0.07881099730730057,0.08185900002717972,0.07856299728155136,0.08077400177717209,0.08077400177717209,6020608,90.25659942626953
2022-09-30,0.08303400129079819,0.08375199884176254,0.08172299712896347,0.08264700323343277,0.08264700323343277,5694522,89.67220306396484
2022-09-29,0.08491300046443939,0.08553700149059296,0.08155199885368347,0.08307400345802307,0.08307400345802307,7710016,89.81279754638672
2022-09-28,0.0813319981098175,0.08945900201797485,0.07936199754476547,0.08490300178527832,0.08490300178527832,18555744,90.0740966796875
2022-09-27,0.08114299923181534,0.0849509984254837,0.0800660029053688,0.08135200291872025,0.08135200291872025,7820933,89.70999908447266
2022-09-26,0.08026500046253204,0.08116000145673752,0.07926999777555466,0.08116000145673752,0.08116000145673752,5966398,89.95999908447266
2022-09-23,0.08278399705886841,0.08707299828529358,0.08219099789857864,0.08533599972724915,0.08533599972724915,9827171,90.5999984741211
2022-09-22,0.0795620009303093,0.08327800035476685,0.07923000305891037,0.08279599994421005,0.08279599994421005,6191196,90.73500061035156
2022-09-21,0.0826139971613884,0.08617399632930756,0.07852499932050705,0.07962100207805634,0.07962100207805634,13163604,91.31500244140625
2022-09-20,0.08284199982881546,0.08530200272798538,0.08146300166845322,0.08259200304746628,0.08259200304746628,7761351,91.22660064697266
2022-09-19,0.08132299780845642,0.08399800211191177,0.07997500151395798,0.08284900337457657,0.08284900337457657,8302506,91.44889831542969
2022-09-16,0.0914129987359047,0.09185999631881714,0.08615200221538544,0.08646500110626221,0.08646500110626221,12975423,91.6449966430664
2022-09-15,0.09200800210237503,0.09815999865531921,0.0877470001578331,0.09139200299978256,0.09139200299978256,24604786,91.54499816894531
2022-09-14,0.08595599979162216,0.09756600111722946,0.08422499895095825,0.09201899915933609,0.09201899915933609,22071027,91.72840118408203
2022-09-13,0.09123499691486359,0.09161700308322906,0.08457700163125992,0.08668600022792816,0.08668600022792816,9114803,91.75879669189453
2022-09-12,0.0950860008597374,0.09833399951457977,0.09032800048589706,0.0912339985370636,0.0912339985370636,11526558,92.17330169677734
2022-09-09,0.09286099672317505,0.0963589996099472,0.09128200262784958,0.09538199752569199,0.09538199752569199,14989051,92.22119903564453
2022-09-08,0.09735900163650513,0.09902700036764145,0.09035100042819977,0.09285499900579453,0.09285499900579453,28242713,92.27429962158203
2022-09-07,0.07740399986505508,0.10303399711847305,0.0763470008969307,0.09740100055932999,0.09740100055932999,103226706,92.41419982910156
2022-09-06,0.08215399831533432,0.08398900181055069,0.07653199881315231,0.0774340033531189,0.0774340033531189,8608622,92.11740112304688
2022-09-02,0.0818839967250824,0.08541999757289886,0.08077599853277206,0.08091700077056885,0.08091700077056885,7514903,92.57009887695312
2022-09-01,0.08128699660301208,0.08224699646234512,0.07952400296926498,0.08188000321388245,0.08188000321388245,7832974,92.28399658203125
2022-08-31,0.08044900000095367,0.0838100016117096,0.08044900000095367,0.08128999918699265,0.08128999918699265,6479820,92.66500091552734
2022-08-30,0.08442500233650208,0.08536399900913239,0.07925999909639359,0.08044400066137314,0.08044400066137314,5452736,92.69660186767578
2022-08-29,0.07847200334072113,0.08455800265073776,0.07805299758911133,0.08441600203514099,0.08441600203514099,6306271,92.73999786376953
2022-08-26,0.09113600105047226,0.09115500003099442,0.08479499816894531,0.0855180025100708,0.0855180025100708,10697523,93.00499725341797
2022-08-25,0.09095100313425064,0.0928800031542778,0.08995900303125381,0.0911720022559166,0.0911720022559166,8753980,93.11239624023438
2022-08-24,0.09173700213432312,0.09342999756336212,0.08949899673461914,0.09093499928712845,0.09093499928712845,6684392,92.8583984375
2022-08-23,0.08944699913263321,0.09452600032091141,0.0881510004401207,0.09174499660730362,0.09174499660730362,11871014,93.0072021484375
2022-08-22,0.08916699886322021,0.08943899720907211,0.0848890021443367,0.08943899720907211,0.08943899720907211,11089844,93.05500030517578
2022-08-19,0.09437400102615356,0.09443499892950058,0.08393699675798416,0.084866002202034,0.084866002202034,10607580,93.30000305175781
2022-08-18,0.10192699730396271,0.1025950014591217,0.09429199993610382,0.0943870022892952,0.0943870022892952,10073769,93.52510070800781
2022-08-17,0.10777399688959122,0.1124970018863678,0.09952300041913986,0.10188400000333786,0.10188400000333786,14922053,93.427001953125
2022-08-16,0.1008559986948967,0.11643800139427185,0.10057500004768372,0.10777900367975235,0.10777900367975235,46968008,93.74230194091797
2022-08-15,0.09958799928426743,0.10470899939537048,0.09620200097560883,0.10092099756002426,0.10092099756002426,12959627,93.87429809570312
2022-08-12,0.09721799939870834,0.10415499657392502,0.09575299918651581,0.10367099940776825,0.10367099940776825,11946632,93.71299743652344
2022-08-11,0.09964200109243393,0.10252899676561356,0.0968329980969429,0.09725599735975266,0.09725599735975266,12308338,93.55609893798828
2022-08-10,0.09592500329017639,0.09969399869441986,0.09273000061511993,0.09963800013065338,0.09963800013065338,12072087,93.8949966430664
2022-08-09,0.10180599987506866,0.10274899750947952,0.0945189967751503,0.09594099968671799,0.09594099968671799,11638207,93.61160278320312
2022-08-08,0.1041639968752861,0.10520900040864944,0.10149899870157242,0.10179299861192703,0.10179299861192703,14871085,93.7750015258789
2022-08-05,0.0964059978723526,0.1010890007019043,0.0964059978723526,0.10056500136852264,0.10056500136852264,12715202,93.59480285644531
2022-08-04,0.09594299644231796,0.10458000004291534,0.09334900230169296,0.09644299745559692,0.09644299745559692,23850989,94.1843032836914
2022-08-03,0.0929189994931221,0.09797199815511703,0.09103699773550034,0.09593500196933746,0.09593500196933746,12187352,93.98320007324219
2022-08-02,0.09492400288581848,0.09693799912929535,0.09144700318574905,0.09291599690914154,0.09291599690914154,13900103,93.84500122070312
2022-08-01,0.09599699825048447,0.10333500057458878,0.09134399890899658,0.09490899741649628,0.09490899741649628,18933606,94.49500274658203
2022-07-29,0.08627499639987946,0.08974000066518784,0.08459199965000153,0.08631700277328491,0.08631700277328491,16254366,94.41500091552734
2022-07-28,0.08100699633359909,0.09084399789571762,0.08032699674367905,0.0860309973359108,0.0860309973359108,15913457,94.33499908447266
2022-07-27,0.07634399831295013,0.08108200132846832,0.07548899948596954,0.080935999751091,0.080935999751091,12374656,93.91000366210938
2022-07-26,0.0774490013718605,0.0774490013718605,0.07411299645900726,0.0763150006532669,0.0763150006532669,8282025,93.59880065917969
2022-07-25,0.08475200086832047,0.0848039984703064,0.07745800167322159,0.07745900005102158,0.07745900005102158,9595296,93.6500015258789
2022-07-22,0.08512300252914429,0.08850199729204178,0.08253300189971924,0.08274699747562408,0.08274699747562408,12292577,93.78109741210938
2022-07-21,0.08424399793148041,0.08615300059318542,0.08059699833393097,0.08513599634170532,0.08513599634170532,13889887,93.31610107421875
2022-07-20,0.08786500245332718,0.09274499863386154,0.08377300202846527,0.08425000309944153,0.08425000309944153,26245136,92.78500366210938
2022-07-19,0.0846090018749237,0.0903870016336441,0.08337099850177765,0.0878869965672493,0.0878869965672493,23910859,92.83670043945312
2022-07-18,0.07967399805784225,0.08563700318336487,0.07965900003910065,0.0846100002527237,0.0846100002527237,17159378,93.04499816894531
2022-07-15,0.0769210010766983,0.07953199744224548,0.07541099935770035,0.07681900262832642,0.07681900262832642,16326112,93.09500122070312
2022-07-14,0.07398000359535217,0.07922399789094925,0.07391799986362457,0.0768980011343956,0.0768980011343956,17409559,92.99669647216797
2022-07-13,0.0687749981880188,0.07412000000476837,0.06754700094461441,0.07391499727964401,0.07391499727964401,13759026,93.12580108642578
2022-07-12,0.07234299927949905,0.07318100333213806,0.06860700249671936,0.06877599656581879,0.06877599656581879,13726807,93.0999984741211
2022-07-11,0.07725600153207779,0.07725600153207779,0.07202199846506119,0.07234399765729904,0.07234399765729904,13349758,92.95210266113281
2022-07-08,0.08137799799442291,0.08281499892473221,0.07684099674224854,0.07981699705123901,0.07981699705123901,15456580,92.76000213623047
2022-07-07,0.07580699771642685,0.08243899792432785,0.07536300271749496,0.08137799799442291,0.08137799799442291,18120056,92.91500091552734
2022-07-06,0.07430700212717056,0.07680699974298477,0.0734729990363121,0.07583700120449066,0.07583700120449066,12558293,93.10140228271484
2022-07-05,0.07726400345563889,0.0775739997625351,0.07232999801635742,0.07429300248622894,0.07429300248622894,12800951,93.55000305175781
2022-07-01,0.07416699826717377,0.07709100097417831,0.07328899949789047,0.07398399710655212,0.07398399710655212,12537904,93.42500305175781
2022-06-30,0.07688699662685394,0.07692500203847885,0.06952700018882751,0.07413999736309052,0.07413999736309052,14059611,92.87789916992188
2022-06-29,0.07616899907588959,0.07907500118017197,0.07397300004959106,0.07683999836444855,0.07683999836444855,15971930,92.5
2022-06-28,0.08237600326538086,0.08408299833536148,0.07582200318574905,0.07616499811410904,0.07616499811410904,16213186,92.2145004272461
2022-06-27,0.08275400102138519,0.08535599708557129,0.08038700371980667,0.08237499743700027,0.08237499743700027,23190010,92.31700134277344
2022-06-24,0.0821319967508316,0.09090500324964523,0.08207400143146515,0.09010100364685059,0.09010100364685059,23700083,92.54499816894531
2022-06-23,0.08192099630832672,0.08369500190019608,0.08027300238609314,0.08210799843072891,0.08210799843072891,20197033,92.59760284423828
2022-06-22,0.08231200277805328,0.08754999935626984,0.07955200225114822,0.08191999793052673,0.08191999793052673,19968197,92.39469909667969
2022-06-21,0.0805869996547699,0.08727700263261795,0.08031400293111801,0.08230800181627274,0.08230800181627274,21239427,91.90499877929688
2022-06-17,0.08305999636650085,0.08461199700832367,0.077844999730587,0.08025000244379044,0.08025000244379044,25285627,92.03780364990234
2022-06-16,0.10751000046730042,0.10854700207710266,0.08215799927711487,0.08305399864912033,0.08305399864912033,27531815,92.07510375976562
2022-06-15,0.10960199683904648,0.10960199683904648,0.08636000007390976,0.10747499763965607,0.10747499763965607,36086787,91.86000061035156
2022-06-14,0.10939700156450272,0.11302399635314941,0.10294599831104279,0.10964400321245193,0.10964400321245193,18370185,91.17839813232422
2022-06-13,0.11527600139379501,0.1170940026640892,0.10458499938249588,0.10939700156450272,0.10939700156450272,24729787,91.5270004272461
2022-06-10,0.1549849957227707,0.16678500175476074,0.14487600326538086,0.1448879987001419,0.1448879987001419,24777890,92.43260192871094
2022-06-09,0.15026399493217468,0.16399900615215302,0.14967399835586548,0.1550000011920929,0.1550000011920929,22666537,93.05000305175781
2022-06-08,0.15546700358390808,0.16943499445915222,0.14976799488067627,0.15035000443458557,0.15035000443458557,25965367,93.17500305175781
2022-06-07,0.1492380052804947,0.16304799914360046,0.1397400051355362,0.15574699640274048,0.15574699640274048,36375252,93.31790161132812
2022-06-06,0.14776800572872162,0.15683799982070923,0.14776800572872162,0.14923100173473358,0.14923100173473358,29012862,93.1990966796875
2022-06-03,0.16349899768829346,0.16544100642204285,0.1518390029668808,0.15325500071048737,0.15325500071048737,28789439,93.45439910888672
2022-06-02,0.15312199294567108,0.1644349992275238,0.15071000158786774,0.16343200206756592,0.16343200206756592,22504366,93.54499816894531
2022-06-01,0.16987599432468414,0.17340299487113953,0.15159599483013153,0.15314699709415436,0.15314699709415436,23923054,93.49500274658203
2022-05-31,0.16734999418258667,0.1732970029115677,0.16370700299739838,0.16982699930667877,0.16982699930667877,18406692,93.7925033569336
2022-05-27,0.1445149928331375,0.15101300179958344,0.13595399260520935,0.14006300270557404,0.14006300270557404,25471594,94.13999938964844
2022-05-26,0.15943600237369537,0.16205599904060364,0.14162099361419678,0.144569993019104,0.144569993019104,11157660,94.08999633789062
2022-05-25,0.16350099444389343,0.1655620038509369,0.15822799503803253,0.15942999720573425,0.15942999720573425,9121650,94.00789642333984
2022-05-24,0.1653210073709488,0.16814300417900085,0.15511000156402588,0.1635430008172989,0.1635430008172989,11354975,93.8124008178711
2022-05-23,0.17344999313354492,0.17874300479888916,0.16489699482917786,0.16531099379062653,0.16531099379062653,20536220,93.41999816894531
2022-05-20,0.18071599304676056,0.18212200701236725,0.16666600108146667,0.16808000206947327,0.16808000206947327,10598297,93.6095962524414
2022-05-19,0.16853900253772736,0.1827470064163208,0.1633940041065216,0.18081100285053253,0.18081100285053253,11992675,93.44429779052734
2022-05-18,0.1897280067205429,0.19191600382328033,0.16858600080013275,0.16858600080013275,0.16858600080013275,11318263,93.24500274658203
2022-05-17,0.18400700390338898,0.19927899539470673,0.17948900163173676,0.18973399698734283,0.18973399698734283,18819467,93.0896987915039
2022-05-16,0.18088999390602112,0.18632599711418152,0.16862300038337708,0.18396200239658356,0.18396200239658356,13652863,93.4749984741211
2022-05-13,0.1433819979429245,0.18370400369167328,0.14063100516796112,0.16117499768733978,0.16117499768733978,14227340,93.30500030517578
2022-05-12,0.1345909982919693,0.17829999327659607,0.13272500038146973,0.14361600577831268,0.14361600577831268,21647928,93.47969818115234
2022-05-11,0.19766700267791748,0.20154300332069397,0.12529900670051575,0.13456399738788605,0.13456399738788605,21450516,93.30999755859375
2022-05-10,0.19799600541591644,0.2221519947052002,0.19017000496387482,0.1977439969778061,0.1977439969778061,21285960,93.19170379638672
2022-05-09,0.24324899911880493,0.24664099514484406,0.19837400317192078,0.19837400317192078,0.19837400317192078,25251083,93.08080291748047
2022-05-06,0.26871898770332336,0.2697240114212036,0.2572399973869324,0.2600249946117401,0.2600249946117401,15179213,92.79000091552734
2022-05-05,0.2894600033760071,0.29620999097824097,0.2581619918346405,0.2687020003795624,0.2687020003795624,24575840,92.96050262451172
2022-05-04,0.26873400807380676,0.3019070029258728,0.26785001158714294,0.28946301341056824,0.28946301341056824,38849974,93.27670288085938
2022-05-03,0.26354700326919556,0.28288498520851135,0.26034000515937805,0.26879099011421204,0.26879099011421204,20464901,92.94519805908203
2022-05-02,0.27050700783729553,0.27761098742485046,0.2572290003299713,0.26348599791526794,0.26348599791526794,19898529,92.88860321044922
2022-04-29,0.3083530068397522,0.30890101194381714,0.280582994222641,0.28527700901031494,0.28527700901031494,15074647,93.23870086669922
2022-04-28,0.3131920099258423,0.3206230103969574,0.30525100231170654,0.308351993560791,0.308351993560791,15817973,93.40280151367188
2022-04-27,0.3032819926738739,0.3291589915752411,0.3028370141983032,0.3131310045719147,0.3131310045719147,20754610,93.51490020751953
2022-04-26,0.3365350067615509,0.34188899397850037,0.3023509979248047,0.3032039999961853,0.3032039999961853,22847023,93.68060302734375
2022-04-25,0.34164899587631226,0.3512229919433594,0.32276999950408936,0.3366389870643616,0.3366389870643616,50908052,93.44999694824219
2022-04-22,0.32341301441192627,0.33162400126457214,0.3174329996109009,0.3217709958553314,0.3217709958553314,16581727,93.1636962890625
2022-04-21,0.33662500977516174,0.34777799248695374,0.3193280100822449,0.32343998551368713,0.32343998551368713,21412755,93.22920227050781
2022-04-20,0.3482620120048523,0.3540700078010559,0.3320319950580597,0.3366439938545227,0.3366439938545227,18316671,93.4000015258789
2022-04-19,0.3434840142726898,0.3517799973487854,0.3377389907836914,0.34825399518013,0.34825399518013,16623385,93.27539825439453
2022-04-18,0.3294210135936737,0.34520500898361206,0.31232699751853943,0.34351998567581177,0.34351998567581177,28513854,93.66500091552734
2022-04-14,0.35183799266815186,0.35596299171447754,0.3291119933128357,0.3327530026435852,0.3327530026435852,36176109,93.71499633789062
2022-04-13,0.34620600938796997,0.36188700795173645,0.33877500891685486,0.35189399123191833,0.35189399123191833,18081721,94.05560302734375
2022-04-12,0.3372730016708374,0.3710150122642517,0.33285200595855713,0.34630200266838074,0.34630200266838074,30671475,94.03130340576172
2022-04-11,0.3768860101699829,0.3779650032520294,0.3360620141029358,0.33715400099754333,0.33715400099754333,31357650,93.68350219726562
2022-04-08,0.4494900107383728,0.46515101194381714,0.39915499091148376,0.4009400010108948,0.4009400010108948,33064157,93.86509704589844
2022-04-07,0.4479129910469055,0.4657149910926819,0.43641701340675354,0.4496450126171112,0.4496450126171112,27990829,94.07530212402344
2022-04-06,0.5071520209312439,0.5077869892120361,0.44176599383354187,0.44773000478744507,0.44773000478744507,41051231,94.0999984741211
2022-04-05,0.481330007314682,0.5374490022659302,0.4799039959907532,0.5072939991950989,0.5072939991950989,83606043,94.16500091552734
2022-04-04,0.47088199853897095,0.4839029908180237,0.45033299922943115,0.48156899213790894,0.48156899213790894,33143963,94.61000061035156
2022-04-01,0.4544230103492737,0.4880799949169159,0.43128499388694763,0.47665199637413025,0.47665199637413025,56425100,94.51000213623047
2022-03-31,0.469525009393692,0.4825339913368225,0.4420889914035797,0.4539960026741028,0.4539960026741028,29648942,94.87149810791016
2022-03-30,0.468984991312027,0.47876301407814026,0.4525040090084076,0.469541996717453,0.469541996717453,32949271,94.83920288085938
2022-03-29,0.43077901005744934,0.48839399218559265,0.4305579960346222,0.46899399161338806,0.46899399161338806,45805006,94.64700317382812
2022-03-28,0.4461030066013336,0.46251800656318665,0.4309130012989044,0.43106698989868164,0.43106698989868164,35181884,94.64620208740234
2022-03-25,0.43830299377441406,0.4438830018043518,0.4044939875602722,0.40617498755455017,0.40617498755455017,34639022,94.62090301513672
2022-03-24,0.3960379958152771,0.45191699266433716,0.3960379958152771,0.43822699785232544,0.43822699785232544,130280740,95.08650207519531
2022-03-23,0.3728260099887848,0.4439469873905182,0.35968199372291565,0.39591801166534424,0.39591801166534424,143500524,95.2136001586914
2022-03-22,0.34022000432014465,0.41175299882888794,0.33973100781440735,0.372171014547348,0.372171014547348,124235520,94.99700164794922
2022-03-21,0.32723701000213623,0.34352898597717285,0.32298099994659424,0.3402140140533447,0.3402140140533447,31594069,95.15119934082031
2022-03-18,0.3300909996032715,0.33677399158477783,0.32055899500846863,0.33099299669265747,0.33099299669265747,22568211,95.70169830322266
2022-03-17,0.32912299036979675,0.337585985660553,0.32430899143218994,0.33015498518943787,0.33015498518943787,26659703,95.59980010986328
2022-03-16,0.3266350030899048,0.33507201075553894,0.3161790072917938,0.3290880024433136,0.3290880024433136,31930340,95.48580169677734
2022-03-15,0.32455500960350037,0.331479012966156,0.31683000922203064,0.3266940116882324,0.3266940116882324,39748517,95.54080200195312
2022-03-14,0.31660398840904236,0.3290970027446747,0.3137870132923126,0.3248560130596161,0.3248560130596161,27780584,95.5593032836914
2022-03-11,0.3568060100078583,0.3673900067806244,0.33734801411628723,0.3398880064487457,0.3398880064487457,37297672,96.03009796142578
2022-03-10,0.35496899485588074,0.3589560091495514,0.31976500153541565,0.35645800828933716,0.35645800828933716,43284165,96.08499908447266
2022-03-09,0.3203270137310028,0.3695490062236786,0.3191550076007843,0.3547939956188202,0.3547939956188202,58051389,96.26190185546875
2022-03-08,0.3249340057373047,0.3345229923725128,0.31704801321029663,0.3203530013561249,0.3203530013561249,29530078,96.46499633789062
2022-03-07,0.31628501415252686,0.3390499949455261,0.30756300687789917,0.32494398951530457,0.32494398951530457,72255033,96.81780242919922
2022-03-04,0.3216480016708374,0.3618150055408478,0.30875301361083984,0.30987900495529175,0.30987900495529175,90762552,97.056396484375
2022-03-03,0.33944499492645264,0.3493080139160156,0.31505900621414185,0.32163000106811523,0.32163000106811523,36173684,96.7938003540039
2022-03-02,0.3591099977493286,0.4188840091228485,0.3347890079021454,0.33923500776290894,0.33923500776290894,203295517,96.7510986328125
2022-03-01,0.28318700194358826,0.4037039875984192,0.2822369933128357,0.35749301314353943,0.35749301314353943,132666887,97.29209899902344
2022-02-28,0.2626250088214874,0.2832759916782379,0.26027700304985046,0.2832080125808716,0.2832080125808716,25821197,96.93910217285156
2022-02-25,0.2609669864177704,0.2844879925251007,0.2582710087299347,0.2787890136241913,0.2787890136241913,33308276,96.49500274658203
2022-02-24,0.27367299795150757,0.2756209969520569,0.22812800109386444,0.26093700528144836,0.26093700528144836,35209821,96.48159790039062
2022-02-23,0.29238900542259216,0.30054399371147156,0.27358999848365784,0.2736020088195801,0.2736020088195801,20137520,96.3904037475586
2022-02-22,0.2771129906177521,0.29465800523757935,0.26291200518608093,0.2923940122127533,0.2923940122127533,30006519,96.5239028930664
2022-02-18,0.33425599336624146,0.34752899408340454,0.32616299390792847,0.32782500982284546,0.32782500982284546,18056550,96.64230346679688
2022-02-17,0.3703239858150482,0.3764899969100952,0.3322469890117645,0.3341369926929474,0.3341369926929474,28928706,96.56719970703125
2022-02-16,0.3599050045013428,0.38244500756263733,0.35543298721313477,0.37053999304771423,0.37053999304771423,41594830,96.43409729003906
2022-02-15,0.3441700041294098,0.36618199944496155,0.3426400125026703,0.3598780035972595,0.3598780035972595,21762897,96.3550033569336
2022-02-14,0.33733800053596497,0.3496820032596588,0.32281601428985596,0.344184011220932,0.344184011220932,21688584,96.42430114746094
2022-02-11,0.3966600000858307,0.4037410020828247,0.3515009880065918,0.36274901032447815,0.36274901032447815,40106026,96.6854019165039
2022-02-10,0.41683000326156616,0.42407599091529846,0.38260000944137573,0.3967199921607971,0.3967199921607971,56455532,96.28379821777344
2022-02-09,0.38846299052238464,0.42791199684143066,0.38057899475097656,0.4167029857635498,0.4167029857635498,30421525,96.8550033569336
2022-02-08,0.39045798778533936,0.42120298743247986,0.36776700615882874,0.38888299465179443,0.38888299465179443,46361596,96.82769775390625
2022-02-07,0.34900298714637756,0.41843000054359436,0.34252500534057617,0.3904240131378174,0.3904240131378174,45629579,96.96839904785156
2022-02-04,0.3132820129394531,0.3365910053253174,0.31111299991607666,0.3365490138530731,0.3365490138530731,17734781,96.92500305175781
2022-02-03,0.30361199378967285,0.31325799226760864,0.29979899525642395,0.31325799226760864,0.31325799226760864,15289605,97.30989837646484
2022-02-02,0.3261519968509674,0.3288559913635254,0.30300799012184143,0.3035629987716675,0.3035629987716675,16376794,97.47419738769531
2022-02-01,0.32167500257492065,0.332394003868103,0.31926101446151733,0.32606199383735657,0.32606199383735657,17721500,97.4000015258789
2022-01-31,0.3108629882335663,0.3312489986419678,0.2947880029678345,0.32186201214790344,0.32186201214790344,18326092,97.41739654541016
2022-01-28,0.31297698616981506,0.31993600726127625,0.3015269935131073,0.31522101163864136,0.31522101163864136,15931731,97.41210174560547
2022-01-27,0.3179149925708771,0.32587501406669617,0.29996800422668457,0.3130680024623871,0.3130680024623871,16115804,97.30999755859375
2022-01-26,0.32458600401878357,0.3513129949569702,0.31178000569343567,0.31804999709129333,0.31804999709129333,21751194,97.3395004272461
2022-01-25,0.3271619975566864,0.3374750018119812,0.3148120045661926,0.32460999488830566,0.32460999488830566,24057415,97.63159942626953
2022-01-24,0.3548400104045868,0.3548400104045868,0.2872940003871918,0.3273929953575134,0.3273929953575134,36038647,97.71019744873047
2022-01-21,0.4628959894180298,0.4732019901275635,0.3704339861869812,0.37521401047706604,0.37521401047706604,37387595,97.69000244140625
2022-01-20,0.46361300349235535,0.5367230176925659,0.4626210033893585,0.46285301446914673,0.46285301446914673,21382333,97.50260162353516
2022-01-19,0.4731059968471527,0.48537400364875793,0.4432069957256317,0.46374601125717163,0.46374601125717163,27246096,97.49420166015625
2022-01-18,0.4630419909954071,0.4741320013999939,0.43919500708580017,0.4731079936027527,0.4731079936027527,23270438,97.41069793701172
2022-01-14,0.4860750138759613,0.5076979994773865,0.4726000130176544,0.505092978477478,0.505092978477478,35092791,97.73500061035156
2022-01-13,0.5135999917984009,0.541018009185791,0.48535600304603577,0.485958993434906,0.485958993434906,48133246,97.99099731445312
2022-01-12,0.4698539972305298,0.5169820189476013,0.4572010040283203,0.5135279893875122,0.5135279893875122,40755861,97.91999816894531
2022-01-11,0.4514220058917999,0.47457799315452576,0.438044011592865,0.46986401081085205,0.46986401081085205,26317156,97.92230224609375
2022-01-10,0.4660390019416809,0.47579601407051086,0.41960999369621277,0.4512700140476227,0.4512700140476227,28168399,97.84510040283203
2022-01-07,0.5453940033912659,0.546068012714386,0.4977610111236572,0.4977610111236572,0.4977610111236572,38323653,97.89459991455078
2022-01-06,0.5718780159950256,0.6233389973640442,0.5361800193786621,0.5453540086746216,0.5453540086746216,84046102,97.98500061035156
2022-01-05,0.5415869951248169,0.642628014087677,0.5300260186195374,0.5719349980354309,0.5719349980354309,111857517,98.09639739990234
2022-01-04,0.5361459851264954,0.5635830163955688,0.523032009601593,0.5414170026779175,0.5414170026779175,31482399,98.29149627685547
2022-01-03,0.5666049718856812,0.5683320164680481,0.5257819890975952,0.5361440181732178,0.5361440181732178,28536778,98.2947006225586
2021-12-31,0.4954710006713867,0.5382590293884277,0.48718899488449097,0.5069100260734558,0.5069100260734558,47662498,98.58499908447266
2021-12-30,0.5005589723587036,0.5170800089836121,0.48865100741386414,0.49516400694847107,0.49516400694847107,19190649,98.6094970703125
2021-12-29,0.5206379890441895,0.5314840078353882,0.4964050054550171,0.5003060102462769,0.5003060102462769,20036083,98.48500061035156
2021-12-28,0.5676659941673279,0.57846599817276,0.5145609974861145,0.5201640129089355,0.5201640129089355,29432869,98.58999633789062
2021-12-27,0.5590389966964722,0.5970100164413452,0.55417400598526,0.567520022392273,0.567520022392273,39389421,98.55000305175781
2021-12-23,0.5549309849739075,0.5894669890403748,0.5387359857559204,0.5725939869880676,0.5725939869880676,32500864,98.54170227050781
2021-12-22,0.5636410117149353,0.5851699709892273,0.5487430095672607,0.5561059713363647,0.5561059713363647,36816368,98.591796875
2021-12-21,0.471345990896225,0.5928530097007751,0.471345990896225,0.5638840198516846,0.5638840198516846,128925789,98.5
2021-12-20,0.46509701013565063,0.4717789888381958,0.43048301339149475,0.47005099058151245,0.47005099058151245,33477587,98.6449966430664
2021-12-17,0.4995729923248291,0.5063779950141907,0.45996901392936707,0.4732069969177246,0.4732069969177246,20893632,98.63999938964844
2021-12-16,0.503682017326355,0.5343490242958069,0.4928559958934784,0.4992089867591858,0.4992089867591858,24247114,98.65119934082031
2021-12-15,0.4865410029888153,0.5045830011367798,0.4514099955558777,0.5035889744758606,0.5035889744758606,27454518,98.443603515625
2021-12-14,0.4785650074481964,0.5025140047073364,0.4658609926700592,0.4663429856300354,0.4663429856300354,22239806,98.54499816894531
2021-12-13,0.5525709986686707,0.5544019937515259,0.46310099959373474,0.4795919954776764,0.4795919954776764,31055122,98.63500213623047
2021-12-10,0.5347830057144165,0.5757390260696411,0.5070369839668274,0.5100020170211792,0.5100020170211792,22567514,98.51000213623047
2021-12-09,0.614018976688385,0.6166089773178101,0.5336470007896423,0.5339249968528748,0.5339249968528748,30425195,98.46880340576172
2021-12-08,0.5797600150108337,0.6159579753875732,0.5519390106201172,0.6138160228729248,0.6138160228729248,40931561,98.44499969482422
2021-12-07,0.6059499979019165,0.6320289969444275,0.5708479881286621,0.5789120197296143,0.5789120197296143,42900860,98.51000213623047
2021-12-06,0.6045929789543152,0.6215919852256775,0.5171499848365784,0.6062800288200378,0.6062800288200378,63266888,98.59500122070312
2021-12-03,0.7368490099906921,0.8223479986190796,0.7229580283164978,0.758957028388977,0.758957028388977,93925221,98.76809692382812
2021-12-02,0.7567160129547119,0.7691469788551331,0.7287889719009399,0.7362220287322998,0.7362220287322998,33299462,98.5824966430664
2021-12-01,0.7288410067558289,0.7972180247306824,0.7283089756965637,0.7574160099029541,0.7574160099029541,72657274,98.61270141601562
2021-11-30,0.7494720220565796,0.7621480226516724,0.7265419960021973,0.7307140231132507,0.7307140231132507,67846116,98.6405029296875
2021-11-29,0.7613319754600525,0.7683770060539246,0.7313590049743652,0.74965900182724,0.74965900182724,29784517,98.56500244140625
2021-11-26,0.8190940022468567,0.8340380191802979,0.7090939879417419,0.7264530062675476,0.7264530062675476,56919953,98.5479965209961
2021-11-24,0.8211489915847778,0.863074004650116,0.7808730006217957,0.8155509829521179,0.8155509829521179,54937107,98.18499755859375
2021-11-23,0.8452500104904175,0.856939971446991,0.8111180067062378,0.8216270208358765,0.8216270208358765,59067150,98.17250061035156
2021-11-22,0.9020640254020691,0.9703249931335449,0.8139910101890564,0.845890998840332,0.845890998840332,177434981,98.2699966430664
2021-11-19,0.6825469732284546,0.7893030047416687,0.6684880256652832,0.7206940054893494,0.7206940054893494,58701457,98.6050033569336
2021-11-18,0.7813730239868164,0.7868810296058655,0.6656299829483032,0.6821349859237671,0.6821349859237671,61227742,98.58000183105469
2021-11-17,0.7600579857826233,0.8074629902839661,0.7411260008811951,0.7803969979286194,0.7803969979286194,45669931,98.52999877929688
2021-11-16,0.8832299709320068,0.8832299709320068,0.7294149994850159,0.7608699798583984,0.7608699798583984,110313847,98.44999694824219
2021-11-15,0.858909010887146,0.8847609758377075,0.8387479782104492,0.8789380192756653,0.8789380192756653,146037935,98.5071029663086
2021-11-12,0.8999329805374146,0.9263039827346802,0.8467839956283569,0.8795009851455688,0.8795009851455688,47937538,98.6343002319336
2021-11-11,0.8678339719772339,0.9637259840965271,0.8518459796905518,0.9015020132064819,0.9015020132064819,69375775,98.58499908447266
2021-11-10,0.9287430047988892,1.022542953491211,0.8530259728431702,0.8667920231819153,0.8667920231819153,129309788,98.69999694824219
2021-11-09,0.8607879877090454,0.9348379969596863,0.8426600098609924,0.9294480085372925,0.9294480085372925,89622021,99.06400299072266
2021-11-08,0.8287299871444702,0.9120550155639648,0.818979024887085,0.8613939881324768,0.8613939881324768,69305994,98.92500305175781
2021-11-05,0.8345450162887573,0.9334499835968018,0.8177400231361389,0.87711501121521,0.87711501121521,91426647,99.11000061035156
2021-11-04,0.8745369911193848,0.8990349769592285,0.8183029890060425,0.8349149823188782,0.8349149823188782,74560971,98.91010284423828
2021-11-03,0.8600040078163147,0.9775279760360718,0.8443629741668701,0.8742460012435913,0.8742460012435913,163775102,98.69499969482422
2021-11-02,0.7883970141410828,0.9058369994163513,0.7828230261802673,0.8593950271606445,0.8593950271606445,106843498,98.75
2021-11-01,0.7810059785842896,0.7887279987335205,0.7388650178909302,0.7880799770355225,0.7880799770355225,47333102,98.61720275878906
2021-10-29,0.7388880252838135,0.7617679834365845,0.7366420030593872,0.7407220005989075,0.7407220005989075,39365661,98.68060302734375
2021-10-28,0.7201730012893677,0.7625160217285156,0.7053790092468262,0.7411019802093506,0.7411019802093506,58803308,98.6500015258789
2021-10-27,0.7949830293655396,0.8361629843711853,0.7202000021934509,0.7202000021934509,0.7202000021934509,74020910,98.7699966430664
2021-10-26,0.7678930163383484,0.8452050089836121,0.7575730085372925,0.7937059998512268,0.7937059998512268,105356428,98.62999725341797
2021-10-25,0.7319629788398743,0.7818580269813538,0.729790985584259,0.7681509852409363,0.7681509852409363,54710862,98.56999969482422
2021-10-22,0.7174140214920044,0.7720080018043518,0.7155359983444214,0.7611950039863586,0.7611950039863586,71087512,98.51180267333984
2021-10-21,0.7392429709434509,0.7600849866867065,0.7165160179138184,0.7172189950942993,0.7172189950942993,66125408,98.4749984741211
2021-10-20,0.7127910256385803,0.7595499753952026,0.7037280201911926,0.7379050254821777,0.7379050254821777,73809607,98.67449951171875
2021-10-19,0.7283750176429749,0.7385240197181702,0.6950460076332092,0.7128829956054688,0.7128829956054688,69915858,98.59500122070312
2021-10-18,0.7421820163726807,0.7634590268135071,0.7168310284614563,0.72809898853302,0.72809898853302,41438462,98.66999816894531
2021-10-15,0.7325159907341003,0.7573779821395874,0.7074779868125916,0.7508000135421753,0.7508000135421753,91559099,98.7750015258789
2021-10-14,0.7332919836044312,0.7586770057678223,0.7164689898490906,0.7304710149765015,0.7304710149765015,47439984,98.94000244140625
2021-10-13,0.7267019748687744,0.743973970413208,0.7020379900932312,0.7347589731216431,0.7347589731216431,38885614,98.83699798583984
2021-10-12,0.745576024055481,0.7505149841308594,0.6888660192489624,0.7269240021705627,0.7269240021705627,54922471,98.82499694824219
2021-10-11,0.7763040065765381,0.8139240145683289,0.7264580130577087,0.7454239726066589,0.7454239726066589,60748317,98.72440338134766
2021-10-08,0.713578999042511,0.7999529838562012,0.6893090009689331,0.7557209730148315,0.7557209730148315,156587146,98.86000061035156
2021-10-07,0.6969410181045532,0.7350850105285645,0.6780070066452026,0.7146570086479187,0.7146570086479187,141165018,98.91500091552734
2021-10-06,0.7405210137367249,0.7502859830856323,0.6732689738273621,0.6976169943809509,0.6976169943809509,111928507,99.05999755859375
2021-10-05,0.7481610178947449,0.7823920249938965,0.7243409752845764,0.7398489713668823,0.7398489713668823,146950856,99.06500244140625
2021-10-04,0.7957590222358704,0.7965630292892456,0.7314209938049316,0.7456039786338806,0.7456039786338806,156076965,99.1500015258789
2021-10-01,0.7229679822921753,0.814723014831543,0.7161499857902527,0.7885429859161377,0.7885429859161377,59821978,99.18000030517578
2021-09-30,0.6987789869308472,0.7737039923667908,0.6914780139923096,0.7227810025215149,0.7227810025215149,56904825,99.0199966430664
2021-09-29,0.6845939755439758,0.7514340281486511,0.6726369857788086,0.6986070275306702,0.6986070275306702,60259796,98.98490142822266
2021-09-28,0.7381680011749268,0.7546820044517517,0.6820840239524841,0.6835929751396179,0.6835929751396179,99422540,98.96499633789062
2021-09-27,0.812699019908905,0.830560028553009,0.7365480065345764,0.7373859882354736,0.7373859882354736,69274663,99.18000030517578
2021-09-24,0.8447719812393188,0.8687490224838257,0.6977999806404114,0.819130003452301,0.819130003452301,150469400,99.19000244140625
2021-09-23,0.7431409955024719,0.8691970109939575,0.7017099857330322,0.8461800217628479,0.8461800217628479,102502940,99.2947006225586
2021-09-22,0.6026430130004883,0.7445909976959229,0.5874940156936646,0.7439150214195251,0.7439150214195251,75298720,99.55000305175781
2021-09-21,0.6804019808769226,0.7217289805412292,0.5836139917373657,0.6032459735870361,0.6032459735870361,114982029,99.58999633789062
2021-09-20,0.7657489776611328,0.7677739858627319,0.629023015499115,0.675337016582489,0.675337016582489,196912500,99.625
2021-09-17,0.9101970195770264,0.9346160292625427,0.822845995426178,0.8249809741973877,0.8249809741973877,113318987,99.46499633789062
2021-09-16,0.9498249888420105,1.0234980583190918,0.889955997467041,0.9105640053749084,0.9105640053749084,104180069,99.58000183105469
2021-09-15,0.9080790281295776,0.9807239770889282,0.870881974697113,0.9506930112838745,0.9506930112838745,87187785,99.66000366210938
2021-09-14,0.8983039855957031,0.9974849820137024,0.8608629703521729,0.906387984752655,0.906387984752655,100776450,99.73500061035156
2021-09-13,0.8810060024261475,0.930010974407196,0.7853389978408813,0.8931139707565308,0.8931139707565308,100639245,99.61499786376953
2021-09-10,0.8978400230407715,0.9415169954299927,0.7668960094451904,0.7933769822120667,0.7933769822120667,124881988,99.63500213623047
2021-09-09,0.8357840180397034,1.036018967628479,0.8300129771232605,0.8977839946746826,0.8977839946746826,204482327,99.7249984741211
2021-09-08,0.9089170098304749,1.189808964729309,0.858663022518158,0.8914110064506531,0.8914110064506531,298674759,99.61000061035156
2021-09-07,0.813385009765625,1.1151930093765259,0.7225210070610046,0.9077990055084229,0.9077990055084229,535574598,99.55509948730469
2021-09-03,0.7060520052909851,0.7556869983673096,0.68892902135849,0.7340589761734009,0.7340589761734009,56320776,99.69000244140625
2021-09-02,0.7124649882316589,0.735148012638092,0.6762639880180359,0.7064419984817505,0.7064419984817505,65865313,99.72019958496094
2021-09-01,0.7256860136985779,0.7738779783248901,0.6703119874000549,0.7109119892120361,0.7109119892120361,103240525,99.68000030517578
2021-08-31,0.624180018901825,0.7283070087432861,0.6219279766082764,0.7232980132102966,0.7232980132102966,87735010,99.69499969482422
2021-08-30,0.6068300008773804,0.691785991191864,0.5887200236320496,0.6211649775505066,0.6211649775505066,105446559,99.68499755859375
2021-08-27,0.5173429846763611,0.5623260140419006,0.5035390257835388,0.5623260140419006,0.5623260140419006,30249741,99.5864028930664
2021-08-26,0.5694770216941833,0.5850350260734558,0.5165839791297913,0.5170199871063232,0.5170199871063232,43772275,99.45850372314453
2021-08-25,0.5210099816322327,0.585207998752594,0.5103979706764221,0.5689839720726013,0.5689839720726013,55142564,99.44499969482422
2021-08-24,0.5605040192604065,0.5684970021247864,0.5045210123062134,0.5208380222320557,0.5208380222320557,47551657,99.53500366210938
2021-08-23,0.5589320063591003,0.5850579738616943,0.5534049868583679,0.5591319799423218,0.5591319799423218,49271935,99.59320068359375
2021-08-20,0.5441060066223145,0.58502197265625,0.5332279801368713,0.5633360147476196,0.5633360147476196,41868917,99.5696029663086
2021-08-19,0.5010889768600464,0.5772780179977417,0.5010889768600464,0.5439559817314148,0.5439559817314148,86645376,99.6050033569336
2021-08-18,0.4632979929447174,0.5375149846076965,0.4440929889678955,0.5006539821624756,0.5006539821624756,50639126,99.55000305175781
2021-08-17,0.49105799198150635,0.5439860224723816,0.46015599370002747,0.46313199400901794,0.46313199400901794,56663213,99.5999984741211
2021-08-16,0.4978660047054291,0.5485609769821167,0.488552987575531,0.4931449890136719,0.4931449890136719,46788286,99.64959716796875
2021-08-13,0.5100119709968567,0.536873996257782,0.5020269751548767,0.5151069760322571,0.5151069760322571,34305454,99.5824966430664
2021-08-12,0.48375898599624634,0.5199649930000305,0.4682140052318573,0.5095120072364807,0.5095120072364807,52152814,99.44499969482422
2021-08-11,0.45746099948883057,0.549714982509613,0.45382899045944214,0.4831070005893707,0.4831070005893707,164637911,99.46929931640625
2021-08-10,0.3984430134296417,0.47047901153564453,0.39330101013183594,0.4585849940776825,0.4585849940776825,94255695,99.38929748535156
2021-08-09,0.376691997051239,0.4098609983921051,0.3712950050830841,0.399168998003006,0.399168998003006,30216764,99.47740173339844
2021-08-06,0.4157629907131195,0.44049400091171265,0.40782099962234497,0.4121519923210144,0.4121519923210144,47242073,99.55850219726562
2021-08-05,0.3959439992904663,0.4183570146560669,0.39248499274253845,0.4158079922199249,0.4158079922199249,36601165,99.73500061035156
2021-08-04,0.3738270103931427,0.40823298692703247,0.36237800121307373,0.39691299200057983,0.39691299200057983,27909329,99.84660339355469
2021-08-03,0.38234901428222656,0.39491599798202515,0.3659450113773346,0.3723199963569641,0.3723199963569641,28664834,99.90470123291016
2021-08-02,0.3906930088996887,0.4212779998779297,0.38180801272392273,0.38252100348472595,0.38252100348472595,35854180,99.9010009765625
2021-07-30,0.389055997133255,0.40265899896621704,0.34623199701309204,0.3791399896144867,0.3791399896144867,44768430,99.77670288085938
2021-07-29,0.3433719873428345,0.3880929946899414,0.3331809937953949,0.3880929946899414,0.3880929946899414,46701731,99.70369720458984
2021-07-28,0.35509800910949707,0.3901210129261017,0.3370400071144104,0.3433220088481903,0.3433220088481903,53299627,99.75499725341797
2021-07-27,0.31582099199295044,0.37683799862861633,0.30722498893737793,0.3576419949531555,0.3576419949531555,66854678,99.71540069580078
2021-07-26,0.345661997795105,0.4005509912967682,0.31525900959968567,0.31865501403808594,0.31865501403808594,66932023,99.65249633789062
2021-07-23,0.2690559923648834,0.29226499795913696,0.2629539966583252,0.28706300258636475,0.28706300258636475,27355781,99.64099884033203
2021-07-22,0.26430198550224304,0.278670996427536,0.2572210133075714,0.2690480053424835,0.2690480053424835,25182987,99.63819885253906
2021-07-21,0.2600570023059845,0.2964150011539459,0.25596100091934204,0.2631329894065857,0.2631329894065857,30131380,99.54830169677734
2021-07-20,0.22471599280834198,0.2929520010948181,0.21226300299167633,0.2605949938297272,0.2605949938297272,46501641,99.7073974609375
2021-07-19,0.2333890050649643,0.23355300724506378,0.20827199518680573,0.2243490070104599,0.2243490070104599,23035724,99.65029907226562
2021-07-16,0.22467300295829773,0.2299010008573532,0.200096994638443,0.200096994638443,0.200096994638443,15848528,99.11000061035156
2021-07-15,0.24292699992656708,0.24788400530815125,0.22072599828243256,0.2234330028295517,0.2234330028295517,16037044,99.11000061035156
2021-07-14,0.23856200277805328,0.24572399258613586,0.2210180014371872,0.24329699575901031,0.24329699575901031,19626738,99.11000061035156
2021-07-13,0.2661040127277374,0.2661040127277374,0.23441900312900543,0.23857200145721436,0.23857200145721436,21934841,99.11000061035156
2021-07-12,0.2890489995479584,0.29036998748779297,0.257750004529953,0.2671540081501007,0.2671540081501007,19843663,99.11000061035156
2021-07-09,0.26780998706817627,0.2890630066394806,0.25602099299430847,0.28672999143600464,0.28672999143600464,26963876,99.11000061035156
2021-07-08,0.2715910077095032,0.2799699902534485,0.25279900431632996,0.2679919898509979,0.2679919898509979,24512284,99.11000061035156
2021-07-07,0.289249986410141,0.2981080114841461,0.27023598551750183,0.27135801315307617,0.27135801315307617,24971875,99.11000061035156
2021-07-06,0.2749210000038147,0.2962400019168854,0.27442601323127747,0.28922799229621887,0.28922799229621887,34744347,99.11000061035156
2021-07-02,0.2501859962940216,0.25216200947761536,0.2306790053844452,0.25150200724601746,0.25150200724601746,31441465,99.11000061035156
2021-07-01,0.22867800295352936,0.25467899441719055,0.21250799298286438,0.24979299306869507,0.24979299306869507,37981008,99.11000061035156
2021-06-30,0.22295600175857544,0.23284800350666046,0.2046550065279007,0.2287590056657791,0.2287590056657791,28776832,99.11000061035156
2021-06-29,0.20999599993228912,0.23534099757671356,0.2090030014514923,0.2226880043745041,0.2226880043745041,27712069,99.11000061035156
2021-06-28,0.19241300225257874,0.21569499373435974,0.18924200534820557,0.21002300083637238,0.21002300083637238,32981063,99.11000061035156
2021-06-25,0.21320000290870667,0.21661700308322906,0.18546700477600098,0.18749600648880005,0.18749600648880005,23169490,99.11000061035156
2021-06-24,0.20472599565982819,0.21408000588417053,0.19818200170993805,0.21339300274848938,0.21339300274848938,24551029,99.11000061035156
2021-06-23,0.18797700107097626,0.21208199858665466,0.18134400248527527,0.20757700502872467,0.20757700502872467,27299066,99.11000061035156
2021-06-22,0.1951179951429367,0.21060700714588165,0.16045799851417542,0.18813100457191467,0.18813100457191467,24485790,99.11000061035156
2021-06-21,0.2615630030632019,0.2627829909324646,0.19068199396133423,0.1954900026321411,0.1954900026321411,24747290,99.11000061035156
2021-06-18,0.2927750051021576,0.29604700207710266,0.25524699687957764,0.2677749991416931,0.2677749991416931,27377721,99.11000061035156
2021-06-17,0.29433101415634155,0.3071509897708893,0.28206300735473633,0.2925780117511749,0.2925780117511749,31533935,99.11000061035156
2021-06-16,0.29040899872779846,0.3105179965496063,0.2802619934082031,0.2946130037307739,0.2946130037307739,30450837,99.11000061035156
2021-06-15,0.28752899169921875,0.2975269854068756,0.27929699420928955,0.29192599654197693,0.29192599654197693,28656513,99.11000061035156
2021-06-14,0.28262999653816223,0.3045629858970642,0.27806898951530457,0.29214999079704285,0.29214999079704285,13827671,99.11000061035156
2021-06-11,0.28631898760795593,0.3043529987335205,0.2687380015850067,0.27073100209236145,0.27073100209236145,12641305,99.11000061035156
2021-06-10,0.31471601128578186,0.3202430009841919,0.28199198842048645,0.2860110104084015,0.2860110104084015,17785540,99.11000061035156
2021-06-09,0.3154760003089905,0.33573201298713684,0.29369398951530457,0.31366100907325745,0.31366100907325745,25122409,99.11000061035156
2021-06-08,0.306784987449646,0.3250010013580322,0.26162800192832947,0.3169179856777191,0.3169179856777191,34059936,99.11000061035156
2021-06-07,0.3532800078392029,0.3722839951515198,0.3021329939365387,0.30603599548339844,0.30603599548339844,20420308,99.11000061035156
2021-06-04,0.4072529971599579,0.40913599729537964,0.33439600467681885,0.3659430146217346,0.3659430146217346,27507761,99.11000061035156
2021-06-03,0.35053300857543945,0.4339430034160614,0.3476659953594208,0.4067080020904541,0.4067080020904541,50334176,99.11000061035156
2021-06-02,0.32702600955963135,0.3564000129699707,0.312269002199173,0.3505519926548004,0.3505519926548004,34789740,99.11000061035156
2021-06-01,0.32804301381111145,0.3392210006713867,0.3106189966201782,0.3267880082130432,0.3267880082130432,37644154,99.11000061035156
2021-05-28,0.29627200961112976,0.3346880078315735,0.24481000006198883,0.3153350055217743,0.3153350055217743,48201379,99.11000061035156
2021-05-27,0.33411601185798645,0.33594098687171936,0.2908709943294525,0.29557400941848755,0.29557400941848755,23082104,99.11000061035156
2021-05-26,0.27881500124931335,0.34256500005722046,0.2663609981536865,0.33368200063705444,0.33368200063705444,35841794,99.11000061035156
2021-05-25,0.2875800132751465,0.3018980026245117,0.2436320036649704,0.27946901321411133,0.27946901321411133,26074614,99.11000061035156
2021-05-24,0.21223899722099304,0.29514598846435547,0.20611600577831268,0.2868350148200989,0.2868350148200989,31579621,99.11000061035156
2021-05-21,0.34793201088905334,0.36403900384902954,0.2513119876384735,0.29088300466537476,0.29088300466537476,24592893,99.11000061035156
2021-05-20,0.32831698656082153,0.39897599816322327,0.2854140102863312,0.3490000069141388,0.3490000069141388,27195501,99.11000061035156
2021-05-19,0.5092960000038147,0.5116540193557739,0.2502250075340271,0.3282960057258606,0.3282960057258606,37413785,99.11000061035156
2021-05-18,0.4333980083465576,0.5474110245704651,0.4269540011882782,0.5087190270423889,0.5087190270423889,54106802,99.11000061035156
2021-05-17,0.46342000365257263,0.46792998909950256,0.4132840037345886,0.4333760142326355,0.4333760142326355,27299118,99.11000061035156
2021-05-14,0.4483250081539154,0.5035219788551331,0.4441800117492676,0.4735249876976013,0.4735249876976013,28157936,99.11000061035156
2021-05-13,0.44470199942588806,0.4895400106906891,0.4130080044269562,0.4456369876861572,0.4456369876861572,24627431,99.11000061035156
2021-05-12,0.5440199971199036,0.5541639924049377,0.4418709874153137,0.4418709874153137,0.4418709874153137,18920457,99.11000061035156
2021-05-11,0.4907270073890686,0.5650510191917419,0.4649910032749176,0.5442259907722473,0.5442259907722473,31795607,99.11000061035156
2021-05-10,0.5316470265388489,0.5746099948883057,0.44589999318122864,0.49202099442481995,0.49202099442481995,32640627,99.11000061035156
2021-05-07,0.5621730089187622,0.6056889891624451,0.5392320156097412,0.5709440112113953,0.5709440112113953,32733570,99.14749908447266
2021-05-06,0.5908979773521423,0.6163920164108276,0.5481399893760681,0.5613549947738647,0.5613549947738647,31028326,99.07499694824219
2021-05-05,0.5478150248527527,0.6179959774017334,0.5377230048179626,0.5900470018386841,0.5900470018386841,41470591,99.05999755859375
2021-05-04,0.6352329850196838,0.6352329850196838,0.5320730209350586,0.5495139956474304,0.5495139956474304,53697921,98.98500061035156
2021-05-03,0.6351640224456787,0.6965630054473877,0.6275699734687805,0.6343160271644592,0.6343160271644592,40051661,98.9446029663086
2021-04-30,0.5620589852333069,0.6205589771270752,0.5511289834976196,0.60002601146698,0.60002601146698,45836918,98.88929748535156
2021-04-29,0.58160799741745,0.633899986743927,0.5482059717178345,0.5620399713516235,0.5620399713516235,52087650,98.8550033569336
2021-04-28,0.6260460019111633,0.6479330062866211,0.5310490131378174,0.5803149938583374,0.5803149938583374,82485244,98.88639831542969
2021-04-27,0.4594300091266632,0.6462630033493042,0.4511690139770508,0.6327630281448364,0.6327630281448364,131447911,98.83260345458984
2021-04-26,0.3586210012435913,0.47678300738334656,0.35179999470710754,0.45728200674057007,0.45728200674057007,62527367,98.97000122070312
2021-04-23,0.40720900893211365,0.4173089861869812,0.34053900837898254,0.4121040105819702,0.4121040105819702,36394785,98.9800033569336
2021-04-22,0.4672139883041382,0.4922040104866028,0.39839300513267517,0.4068019986152649,0.4068019986152649,35770494,99.0009994506836
2021-04-21,0.5357319712638855,0.5637980103492737,0.4655759930610657,0.46872299909591675,0.46872299909591675,35989055,98.97049713134766
2021-04-20,0.47795799374580383,0.546645998954773,0.41185399889945984,0.5358970165252686,0.5358970165252686,55163428,99.04409790039062
2021-04-19,0.5436800122261047,0.5694850087165833,0.4691089987754822,0.4772590100765228,0.4772590100765228,37932368,99.1011962890625
2021-04-16,0.6505770087242126,0.6602950096130371,0.5910450220108032,0.6077340245246887,0.6077340245246887,43648868,99.24469757080078
2021-04-15,0.5975149869918823,0.6613119840621948,0.5880100131034851,0.652396023273468,0.652396023273468,51578799,99.00830078125
2021-04-14,0.6075459718704224,0.6184170246124268,0.572858989238739,0.5989559888839722,0.5989559888839722,39307745,98.81089782714844
2021-04-13,0.608896017074585,0.6441460251808167,0.578108012676239,0.6075739860534668,0.6075739860534668,47684008,98.8228988647461
2021-04-12,0.6344680190086365,0.6699280142784119,0.6006320118904114,0.6088759899139404,0.6088759899139404,45096838,98.70919799804688
2021-04-09,0.6091449856758118,0.7595840096473694,0.603892982006073,0.683131992816925,0.683131992816925,150123729,98.75569915771484
2021-04-08,0.5967779755592346,0.6554610133171082,0.5891259908676147,0.6090840101242065,0.6090840101242065,36022631,98.81500244140625
2021-04-07,0.6688089966773987,0.6803240180015564,0.557030975818634,0.5991420149803162,0.5991420149803162,55508307,98.72160339355469
2021-04-06,0.6815410256385803,0.7468370199203491,0.6419230103492737,0.6692479848861694,0.6692479848861694,70289140,98.71089935302734
2021-04-05,0.7271749973297119,0.7313370108604431,0.6639670133590698,0.6821510195732117,0.6821510195732117,48609849,98.52320098876953
2021-04-01,0.7288749814033508,0.7631440162658691,0.6918879747390747,0.714352011680603,0.714352011680603,66359076,98.6449966430664
2021-03-31,0.8095420002937317,0.8785049915313721,0.7222470045089722,0.7299249768257141,0.7299249768257141,101654591,98.51460266113281
2021-03-30,0.8205569982528687,0.8385469913482666,0.7682960033416748,0.8007460236549377,0.8007460236549377,62472554,98.51280212402344
2021-03-29,0.7810609936714172,0.8467739820480347,0.7535430192947388,0.8205620050430298,0.8205620050430298,63402866,98.5365982055664
2021-03-26,0.610351026058197,0.7296440005302429,0.6090430021286011,0.699284017086029,0.699284017086029,61089118,98.63500213623047
2021-03-25,0.6236060261726379,0.643655002117157,0.5630180239677429,0.6098300218582153,0.6098300218582153,44274573,98.73179626464844
2021-03-24,0.6310139894485474,0.7272970080375671,0.6147969961166382,0.6252560019493103,0.6252560019493103,51500557,98.72579956054688
2021-03-23,0.6781989932060242,0.7145460247993469,0.6015959978103638,0.6305670142173767,0.6305670142173767,61502611,98.68769836425781
2021-03-22,0.6412519812583923,0.7733950018882751,0.597806990146637,0.6796330213546753,0.6796330213546753,126995157,98.56500244140625
2021-03-19,0.5960559844970703,0.6497690081596375,0.5724980235099792,0.6043779850006104,0.6043779850006104,56385057,98.47730255126953
2021-03-18,0.6579040288925171,0.665224015712738,0.585548996925354,0.5962370038032532,0.5962370038032532,53636093,98.48979949951172
2021-03-17,0.6158350110054016,0.680974006652832,0.596422016620636,0.6586229801177979,0.6586229801177979,57188450,98.70149993896484
2021-03-16,0.6476659774780273,0.6510480046272278,0.5642560124397278,0.6155149936676025,0.6155149936676025,73932464,98.62940216064453
2021-03-15,0.6878029704093933,0.7180969715118408,0.5877439975738525,0.6546379923820496,0.6546379923820496,80837028,98.61830139160156
2021-03-12,0.44026198983192444,0.5417799949645996,0.43279001116752625,0.5268959999084473,0.5268959999084473,82447284,98.59259796142578
2021-03-11,0.45584601163864136,0.46924498677253723,0.41714999079704285,0.4408079981803894,0.4408079981803894,43455558,98.8416976928711
2021-03-10,0.42884400486946106,0.49367499351501465,0.3968519866466522,0.4560379981994629,0.4560379981994629,60433168,98.73919677734375
2021-03-09,0.44328901171684265,0.4850910007953644,0.42676201462745667,0.43019700050354004,0.43019700050354004,58922640,98.625
2021-03-08,0.37415000796318054,0.44699999690055847,0.36914101243019104,0.4426400065422058,0.4426400065422058,60829057,98.53050231933594
2021-03-05,0.3237519860267639,0.4000740051269531,0.30269700288772583,0.3759070038795471,0.3759070038795471,74321141,98.76000213623047
2021-03-04,0.3614709973335266,0.37179499864578247,0.31723999977111816,0.32366299629211426,0.32366299629211426,43002956,98.84500122070312
2021-03-03,0.31181800365448,0.36321699619293213,0.3018519878387451,0.3623790144920349,0.3623790144920349,49578534,99.01180267333984
2021-03-02,0.279338002204895,0.3158800005912781,0.27024099230766296,0.31180301308631897,0.31180301308631897,32229719,99.18000030517578
2021-03-01,0.24624399840831757,0.28772100806236267,0.24394099414348602,0.2787429988384247,0.2787429988384247,24489677,99.10759735107422
2021-02-26,0.22700800001621246,0.24219399690628052,0.20027300715446472,0.22465799748897552,0.22465799748897552,20312650,98.98310089111328
2021-02-25,0.23293299973011017,0.2617560029029846,0.22519700229167938,0.22574999928474426,0.22574999928474426,19981212,98.7531967163086
2021-02-24,0.22348900139331818,0.2678239941596985,0.2080170065164566,0.23287999629974365,0.23287999629974365,24004028,99.3644027709961
2021-02-23,0.27610400319099426,0.27660900354385376,0.1778080016374588,0.22313299775123596,0.22313299775123596,37327997,99.3988037109375
2021-02-22,0.29662200808525085,0.2987459897994995,0.22469300031661987,0.274617999792099,0.274617999792099,43318656,99.3550033569336
2021-02-19,0.306549996137619,0.3166849911212921,0.2770400047302246,0.29211100935935974,0.29211100935935974,43664895,99.45500183105469
2021-02-18,0.2355329990386963,0.32515400648117065,0.2355329990386963,0.30597901344299316,0.30597901344299316,90314499,99.58499908447266
2021-02-17,0.22691799700260162,0.24827200174331665,0.21018700301647186,0.23564299941062927,0.23564299941062927,15000691,99.56500244140625
2021-02-16,0.2392590045928955,0.2547590136528015,0.2172749936580658,0.22695299983024597,0.22695299983024597,17931246,99.52909851074219
2021-02-12,0.23524700105190277,0.26934999227523804,0.22463299334049225,0.25191301107406616,0.25191301107406616,30262829,99.78459930419922
2021-02-11,0.23959800601005554,0.2554129958152771,0.223471000790596,0.23524700105190277,0.23524700105190277,28000052,99.86509704589844
2021-02-10,0.2511709928512573,0.2757039964199066,0.21060100197792053,0.2391439974308014,0.2391439974308014,36029300,99.87139892578125
2021-02-09,0.2137719988822937,0.2699210047721863,0.2079000025987625,0.25164198875427246,0.25164198875427246,46597630,99.78500366210938
2021-02-08,0.18203899264335632,0.2269899994134903,0.17935499548912048,0.21435000002384186,0.21435000002384186,54125221,99.75240325927734
2021-02-05,0.14854300022125244,0.18790699541568756,0.1477230042219162,0.17993399500846863,0.17993399500846863,33859448,99.7615966796875
2021-02-04,0.158037006855011,0.158037006855011,0.13137100636959076,0.1485549956560135,0.1485549956560135,23347703,99.78500366210938
2021-02-03,0.10984399914741516,0.15875700116157532,0.10979600250720978,0.15754500031471252,0.15754500031471252,40906404,99.76499938964844
2021-02-02,0.10876599699258804,0.11185900121927261,0.10557600110769272,0.10975699871778488,0.10975699871778488,8907728,99.80960083007812
2021-02-01,0.09821400046348572,0.11280299723148346,0.0952880010008812,0.1087689995765686,0.1087689995765686,11995859,99.87100219726562
2021-01-29,0.09101399779319763,0.11436700075864792,0.08898299932479858,0.11000099778175354,0.11000099778175354,17312276,99.84929656982422
2021-01-28,0.0903099998831749,0.09593900293111801,0.0881119966506958,0.08937200158834457,0.08937200158834457,7432931,99.85489654541016
2021-01-27,0.09507899731397629,0.10318800061941147,0.08246400207281113,0.09009499847888947,0.09009499847888947,12295284,99.89630126953125
2021-01-26,0.08261899650096893,0.09878499805927277,0.08037800341844559,0.09519799798727036,0.09519799798727036,10383767,99.91500091552734
2021-01-25,0.08835499733686447,0.09116099774837494,0.0810299962759018,0.08266899734735489,0.08266899734735489,6788609,99.91719818115234
2021-01-22,0.08047399669885635,0.0953110009431839,0.07417699694633484,0.08989199995994568,0.08989199995994568,9687366,99.83489990234375
2021-01-21,0.09214100241661072,0.09260000288486481,0.0787620022892952,0.08059599995613098,0.08059599995613098,7438678,99.79499816894531
2021-01-20,0.09141899645328522,0.09889999777078629,0.08185700327157974,0.09222500026226044,0.09222500026226044,9526178,99.83570098876953
2021-01-19,0.0968180000782013,0.1039159968495369,0.09028299897909164,0.09167599678039551,0.09167599678039551,11029560,99.83499908447266
2021-01-15,0.07697000354528427,0.09040699899196625,0.06682900339365005,0.08807399868965149,0.08807399868965149,17446915,99.80770111083984
2021-01-14,0.06627900153398514,0.07845000177621841,0.06455700099468231,0.07699699699878693,0.07699699699878693,7026864,99.72699737548828
2021-01-13,0.05864499881863594,0.06686600297689438,0.056251998990774155,0.06627500057220459,0.06627500057220459,5318014,99.75689697265625
2021-01-12,0.0606050007045269,0.06402099877595901,0.05657799914479256,0.05864499881863594,0.05864499881863594,4270904,99.66470336914062
2021-01-11,0.07002600282430649,0.07002600282430649,0.05356600135564804,0.06068599969148636,0.06068599969148636,6099908,99.66500091552734
2021-01-08,0.07102099806070328,0.0808039978146553,0.060777999460697174,0.07169000059366226,0.07169000059366226,9141271,99.7249984741211
2021-01-07,0.07307799905538559,0.08334299921989441,0.0663599967956543,0.0710119977593422,0.0710119977593422,9659948,99.8136978149414
2021-01-06,0.06213200092315674,0.07573900371789932,0.059579998254776,0.07305700331926346,0.07305700331926346,9894039,99.87460327148438
2021-01-05,0.05716000124812126,0.06275799870491028,0.05636100098490715,0.062112998217344284,0.062112998217344284,5674451,100.05000305175781
2021-01-04,0.05686099827289581,0.06647399812936783,0.0515500009059906,0.05705000087618828,0.05705000087618828,7364713,100.1229019165039
2020-12-31,0.05212999880313873,0.054232001304626465,0.051040999591350555,0.051791001111269,0.051791001111269,2762851,100.15499877929688
2020-12-30,0.05222100019454956,0.053422000259160995,0.05040999874472618,0.05212999880313873,0.05212999880313873,3210624,100.10459899902344
2020-12-29,0.05458800122141838,0.058678001165390015,0.05001400038599968,0.05215499922633171,0.05215499922633171,4537106,100.06500244140625
2020-12-28,0.05310000106692314,0.05755599960684776,0.05304799973964691,0.05459100008010864,0.05459100008010864,3892669,100.06300354003906
2020-12-24,0.05051900073885918,0.05178200080990791,0.04698299989104271,0.050787001848220825,0.050787001848220825,4501995,100.02670288085938
2020-12-23,0.05389999970793724,0.05950700119137764,0.04732599854469299,0.050519999116659164,0.050519999116659164,5919462,99.99009704589844
2020-12-22,0.05328400060534477,0.055507998913526535,0.0490959994494915,0.05392700061202049,0.05392700061202049,3708264,100.02999877929688
2020-12-21,0.05648399889469147,0.05778900161385536,0.051385000348091125,0.05327000096440315,0.05327000096440315,3574281,99.96009826660156
2020-12-18,0.0569319985806942,0.06255300343036652,0.0557590015232563,0.05990900099277496,0.05990900099277496,4719674,99.98500061035156
2020-12-17,0.05581799894571304,0.05935399979352951,0.054085999727249146,0.05693500116467476,0.05693500116467476,6685087,99.99500274658203
2020-12-16,0.05212400108575821,0.05720200017094612,0.051350999623537064,0.055907998234033585,0.055907998234033585,5261926,100.00499725341797
2020-12-15,0.05270899832248688,0.05358299985527992,0.05091400071978569,0.0521249994635582,0.0521249994635582,4005661,100.00499725341797
2020-12-14,0.05206900089979172,0.05514400079846382,0.05175400152802467,0.05270799994468689,0.05270799994468689,4032010,99.99500274658203
2020-12-11,0.050220999866724014,0.05260999873280525,0.04703700169920921,0.05112199857831001,0.05112199857831001,4233653,100.01609802246094
2020-12-10,0.048576999455690384,0.05195600166916847,0.046300001442432404,0.05021800100803375,0.05021800100803375,4157341,99.93000030517578
2020-12-09,0.04783700034022331,0.04889199882745743,0.04460100084543228,0.04857899993658066,0.04857899993658066,3509704,99.8550033569336
2020-12-08,0.053206998854875565,0.05355999991297722,0.04683399945497513,0.047814998775720596,0.047814998775720596,4237160,99.97000122070312
2020-12-07,0.05204299837350845,0.05386099964380264,0.051291000097990036,0.05321099981665611,0.05321099981665611,4563529,99.95500183105469
2020-12-04,0.055351000279188156,0.055977001786231995,0.050331000238657,0.05036399886012077,0.05036399886012077,3962868,99.86080169677734
2020-12-03,0.05270000174641609,0.05742499977350235,0.05253700166940689,0.05540899932384491,0.05540899932384491,4903463,99.9749984741211
2020-12-02,0.04908699914813042,0.053686000406742096,0.048413001000881195,0.052629999816417694,0.052629999816417694,4150900,99.875
2020-12-01,0.05058399960398674,0.053732000291347504,0.04758400097489357,0.04908499866724014,0.04908499866724014,4475282,99.90059661865234
2020-11-30,0.049901001155376434,0.051681999117136,0.048907000571489334,0.05049800127744675,0.05049800127744675,4011220,100.04499816894531
2020-11-27,0.04976499825716019,0.051545001566410065,0.045864999294281006,0.04941700026392937,0.04941700026392937,5075558,99.98999786376953
2020-11-25,0.06231100112199783,0.06832700222730637,0.05781000107526779,0.05986500158905983,0.05986500158905983,7785795,99.91000366210938
2020-11-24,0.06321500241756439,0.06499599665403366,0.058042000979185104,0.06240899860858917,0.06240899860858917,9098891,99.88500213623047
2020-11-23,0.05345600098371506,0.06406699866056442,0.05287700146436691,0.06315899640321732,0.06315899640321732,9483221,99.88500213623047
2020-11-20,0.05324000120162964,0.05698699876666069,0.05134199932217598,0.05355200171470642,0.05355200171470642,8197318,99.91500091552734
2020-11-19,0.04634999856352806,0.05683000013232231,0.045837998390197754,0.053240999579429626,0.053240999579429626,10843080,99.88999938964844
2020-11-18,0.051096998155117035,0.052397001534700394,0.04330400004982948,0.04634999856352806,0.04634999856352806,6216816,99.8499984741211
2020-11-17,0.04318000003695488,0.051096998155117035,0.04304699972271919,0.051096998155117035,0.051096998155117035,8133021,99.8499984741211
2020-11-16,0.04241799935698509,0.04463300108909607,0.041749000549316406,0.04297899827361107,0.04297899827361107,4407242,99.7699966430664
2020-11-13,0.04168799892067909,0.04824800044298172,0.04132400080561638,0.0461370013654232,0.0461370013654232,5582010,99.77059936523438
2020-11-12,0.04479600116610527,0.0454850010573864,0.041508998721838,0.04168799892067909,0.04168799892067909,4001520,99.77410125732422
2020-11-11,0.04572900012135506,0.04912300035357475,0.044318001717329025,0.04479600116610527,0.04479600116610527,5166296,99.6552963256836
2020-11-10,0.04229599982500076,0.04771000146865845,0.04178699851036072,0.04572900012135506,0.04572900012135506,5224843,99.63999938964844
2020-11-09,0.04198100045323372,0.042525000870227814,0.03931799903512001,0.04229599982500076,0.04229599982500076,3430466,99.74629974365234
2020-11-06,0.0400100015103817,0.045170001685619354,0.03964199870824814,0.043820999562740326,0.043820999562740326,4717845,99.90480041503906
2020-11-05,0.03961300104856491,0.040768999606370926,0.0372450016438961,0.0400100015103817,0.0400100015103817,4215214,99.99870300292969
2020-11-04,0.037053998559713364,0.039834000170230865,0.036028001457452774,0.03961300104856491,0.03961300104856491,3647710,99.97480010986328
2020-11-03,0.04055799916386604,0.04064499959349632,0.037053000181913376,0.037053998559713364,0.037053998559713364,3248937,99.66500091552734
2020-11-02,0.045361001044511795,0.04628400132060051,0.04028100147843361,0.04055799916386604,0.04055799916386604,4740259,99.70240020751953
2020-10-30,0.04579000174999237,0.04597799852490425,0.04374400153756142,0.04521799832582474,0.04521799832582474,3594033,99.69989776611328
2020-10-29,0.04517100006341934,0.047488998621702194,0.04385799914598465,0.04579000174999237,0.04579000174999237,3791927,99.7699966430664
2020-10-28,0.046799998730421066,0.047182999551296234,0.04356300085783005,0.04517100006341934,0.04517100006341934,3979815,99.88500213623047
2020-10-27,0.047832999378442764,0.04854699969291687,0.04577700048685074,0.04679799824953079,0.04679799824953079,6708471,99.91500091552734
2020-10-26,0.051210999488830566,0.053001001477241516,0.04655899852514267,0.047832999378442764,0.047832999378442764,8868968,99.86000061035156
2020-10-23,0.04913799837231636,0.05330200120806694,0.04828000068664551,0.0530409999191761,0.0530409999191761,7724793,99.79000091552734
2020-10-22,0.04566600173711777,0.0509909987449646,0.045552000403404236,0.04911300167441368,0.04911300167441368,4679259,99.75
2020-10-21,0.04512900114059448,0.0483429990708828,0.04491899907588959,0.04576500132679939,0.04576500132679939,5306291,99.82430267333984
2020-10-20,0.04978900030255318,0.05211599916219711,0.04448400065302849,0.045111000537872314,0.045111000537872314,5210432,99.84709930419922
2020-10-19,0.048934001475572586,0.05000099912285805,0.04663600027561188,0.04967400059103966,0.04967400059103966,5225248,99.88999938964844
2020-10-16,0.050276998430490494,0.05185699835419655,0.04369400069117546,0.04377700015902519,0.04377700015902519,5702850,99.92500305175781
2020-10-15,0.05204800143837929,0.05204800143837929,0.04872800037264824,0.05023900046944618,0.05023900046944618,4030416,99.94499969482422
2020-10-14,0.05315399914979935,0.054069001227617264,0.049880001693964005,0.052039001137018204,0.052039001137018204,3918864,99.9749984741211
2020-10-13,0.05413699895143509,0.05722200125455856,0.05201699957251549,0.0531499981880188,0.0531499981880188,4579404,99.96499633789062
2020-10-12,0.0537480004131794,0.058423999696969986,0.053075000643730164,0.0541829988360405,0.0541829988360405,5807134,99.94000244140625
2020-10-09,0.05106800049543381,0.05442599952220917,0.049166999757289886,0.053624000400304794,0.053624000400304794,4398258,99.94000244140625
2020-10-08,0.04635399952530861,0.05271799862384796,0.04365900158882141,0.0511230006814003,0.0511230006814003,5278262,99.99500274658203
2020-10-07,0.04443199932575226,0.04655599966645241,0.04334000125527382,0.046424999833106995,0.046424999833106995,3930839,99.91999816894531
2020-10-06,0.05179300159215927,0.052000999450683594,0.04437100142240524,0.044429998844861984,0.044429998844861984,4031380,100.02999877929688
2020-10-05,0.05220400169491768,0.05406099930405617,0.0508590005338192,0.051823001354932785,0.051823001354932785,5135306,99.99500274658203
2020-10-02,0.06173599883913994,0.06173599883913994,0.05309300124645233,0.054673001170158386,0.054673001170158386,5848923,100.0
2020-10-01,0.06866399943828583,0.07183399796485901,0.060575999319553375,0.06177400052547455,0.06177400052547455,5983287,100.0
