,Date,Open,High,Low,Close,Adj Close,Volume,Adj Close.1
0,2023-06-30,0.2183399945497512,0.2311580032110214,0.210436001420021,0.2270440012216568,0.2270440012216568,55912510,91.27189636230467
1,2023-06-29,0.2143509984016418,0.2243980020284652,0.2143509984016418,0.2183600068092346,0.2183600068092346,22836398,91.15969848632812
2,2023-06-28,0.2339950054883957,0.2342569977045059,0.2117089927196502,0.2144149988889694,0.2144149988889694,36907642,91.60189819335938
3,2023-06-27,0.2198349982500076,0.2370090037584304,0.2193740010261535,0.2339819967746734,0.2339819967746734,51781591,91.56490325927734
4,2023-06-26,0.2280720025300979,0.2326840013265609,0.2173569947481155,0.2198150008916854,0.2198150008916854,35023459,91.7645034790039
5,2023-06-23,0.2291280031204223,0.248209998011589,0.229103997349739,0.2386019974946975,0.2386019974946975,57544013,91.65499877929688
6,2023-06-22,0.223471000790596,0.2526130080223083,0.2226330041885376,0.229092001914978,0.229092001914978,98532339,91.5270004272461
7,2023-06-21,0.1992989927530288,0.2278729975223541,0.1992989927530288,0.223481997847557,0.223481997847557,69348880,91.76480102539062
8,2023-06-20,0.1893830001354217,0.1995549947023391,0.1826740056276321,0.1993200033903122,0.1993200033903122,32274029,91.77660369873048
9,2023-06-16,0.1825399994850158,0.1943279951810836,0.1808999925851822,0.1902849972248077,0.1902849972248077,37033774,91.61499786376952
10,2023-06-15,0.1801040023565292,0.1879020035266876,0.1734260022640228,0.1825100034475326,0.1825100034475326,29579255,91.8249969482422
11,2023-06-14,0.1894550025463104,0.1923789978027343,0.1777600049972534,0.1801819950342178,0.1801819950342178,27767735,91.45999908447266
12,2023-06-13,0.185477003455162,0.1937620043754577,0.1835529953241348,0.1894550025463104,0.1894550025463104,36363440,91.375
13,2023-06-12,0.1831579953432083,0.1895579993724823,0.1779700070619583,0.1854709982872009,0.1854709982872009,28474727,91.73090362548828
14,2023-06-09,0.2282020002603531,0.2297829985618591,0.2169840037822723,0.2191700041294098,0.2191700041294098,26035148,91.6406021118164
15,2023-06-08,0.2286310046911239,0.2318049967288971,0.2230519950389862,0.2282160073518753,0.2282160073518753,24523248,91.86699676513672
16,2023-06-07,0.2459899932146072,0.246070995926857,0.2268459945917129,0.2285809963941574,0.2285809963941574,39260985,91.57460021972656
17,2023-06-06,0.2416660040616989,0.251257985830307,0.2339780032634735,0.2460100054740905,0.2460100054740905,34264559,91.85690307617188
18,2023-06-05,0.2708840072154999,0.2716279923915863,0.2295050024986267,0.2417510002851486,0.2417510002851486,53794570,91.90750122070312
19,2023-06-02,0.2626970112323761,0.2792789936065674,0.2589719891548157,0.2733980119228363,0.2733980119228363,45120410,91.86979675292967
20,2023-06-01,0.2640999853610992,0.2689610123634338,0.25484699010849,0.2626999914646148,0.2626999914646148,43268671,92.24240112304688
21,2023-05-31,0.2767150104045868,0.2888320088386535,0.259552001953125,0.2641049921512604,0.2641049921512604,61344777,92.10060119628906
22,2023-05-30,0.2612369954586029,0.283856987953186,0.257515013217926,0.2767930030822754,0.2767930030822754,70094022,91.89959716796876
23,2023-05-26,0.2372709959745407,0.2489929944276809,0.2321670055389404,0.2450139969587326,0.2450139969587326,54597636,91.49140167236328
24,2023-05-25,0.2322490066289901,0.2459059953689575,0.2246409952640533,0.2372879981994629,0.2372879981994629,63671978,91.481201171875
25,2023-05-24,0.2451940029859542,0.2451940029859542,0.2231110036373138,0.2322770059108734,0.2322770059108734,40769781,91.83200073242188
26,2023-05-23,0.2400150001049041,0.2482549995183944,0.2378599941730499,0.2451860010623932,0.2451860010623932,31788522,91.97760009765624
27,2023-05-22,0.2432290017604828,0.2447610050439834,0.2349749952554702,0.2400269955396652,0.2400269955396652,31591209,91.91329956054688
28,2023-05-19,0.2471220046281814,0.283286988735199,0.2427770048379898,0.2649919986724853,0.2649919986724853,108459958,91.96929931640624
29,2023-05-18,0.2568680047988891,0.2582499980926513,0.2426400035619735,0.2471780031919479,0.2471780031919479,29299485,92.0999984741211
30,2023-05-17,0.2446240037679672,0.2595129907131195,0.2383069992065429,0.2568210065364837,0.2568210065364837,34885800,92.37090301513672
31,2023-05-16,0.2470349967479705,0.2486349940299987,0.2402350008487701,0.2446250021457672,0.2446250021457672,27451682,92.56320190429688
32,2023-05-15,0.2414830029010772,0.252700001001358,0.2363789975643158,0.2470149993896484,0.2470149993896484,32332179,92.72350311279295
33,2023-05-12,0.2420250028371811,0.246068999171257,0.2304800003767013,0.2454770058393478,0.2454770058393478,37237928,92.7938003540039
34,2023-05-11,0.2631480097770691,0.2631480097770691,0.2344110012054443,0.2421000003814697,0.2421000003814697,38112333,93.13999938964844
35,2023-05-10,0.263837993144989,0.2727470099925995,0.2512750029563904,0.2631199955940246,0.2631199955940246,52564931,92.93579864501952
36,2023-05-09,0.2599349915981293,0.264629989862442,0.2487609982490539,0.2638849914073944,0.2638849914073944,38353360,92.59500122070312
37,2023-05-08,0.2904810011386871,0.2927829921245575,0.2495000064373016,0.2599250078201294,0.2599250078201294,50421542,92.58419799804688
38,2023-05-05,0.3102039992809295,0.3134739995002746,0.3006510138511657,0.3106040060520172,0.3106040060520172,34483257,92.86399841308594
39,2023-05-04,0.3250139951705932,0.3255839943885803,0.3082689940929413,0.3101960122585296,0.3101960122585296,28267811,93.16000366210938
40,2023-05-03,0.319133996963501,0.3278630077838897,0.3000229895114898,0.32498499751091,0.32498499751091,46854005,93.10369873046876
41,2023-05-02,0.3185000121593475,0.3206239938735962,0.3118749856948852,0.3191350102424621,0.3191350102424621,27137142,92.77459716796876
42,2023-05-01,0.3297770023345947,0.3302429914474487,0.3144710063934326,0.3184840083122253,0.3184840083122253,35563979,92.33489990234376
43,2023-04-28,0.34408700466156,0.3468649983406067,0.3312250077724457,0.3335430026054382,0.3335430026054382,37579989,92.68229675292967
44,2023-04-27,0.3341819941997528,0.3473039865493774,0.3312540054321289,0.3441280126571655,0.3441280126571655,54647933,92.44499969482422
45,2023-04-26,0.3450450003147125,0.3609229922294616,0.3180600106716156,0.3340789973735809,0.3340789973735809,81426063,92.76499938964844
46,2023-04-25,0.3321990072727203,0.3457799851894378,0.3205550014972687,0.3450469970703125,0.3450469970703125,44045971,92.90619659423828
47,2023-04-24,0.3354870080947876,0.344213992357254,0.3267610073089599,0.3322399854660034,0.3322399854660034,37303099,92.40350341796876
48,2023-04-21,0.3637140095233917,0.3661159873008728,0.3309090137481689,0.3339399993419647,0.3339399993419647,70930139,92.26499938964844
49,2023-04-20,0.3735210001468658,0.3808310031890869,0.3534730076789856,0.3637050092220306,0.3637050092220306,94798743,92.2852020263672
50,2023-04-19,0.4245940148830414,0.4275580048561096,0.3707160055637359,0.373649001121521,0.373649001121521,107327826,92.01110076904295
51,2023-04-18,0.4277620017528534,0.4429860115051269,0.4139649868011474,0.4246520102024078,0.4246520102024078,110225279,92.16000366210938
52,2023-04-17,0.4054920077323913,0.444676011800766,0.3948549926280975,0.4276840090751648,0.4276840090751648,177189963,92.11499786376952
53,2023-04-14,0.3619700074195862,0.4134199917316437,0.361409991979599,0.4048829972743988,0.4048829972743988,212420509,92.36499786376952
54,2023-04-13,0.3419069945812225,0.3640320003032684,0.3388749957084656,0.3620010018348694,0.3620010018348694,68993533,92.60919952392578
55,2023-04-12,0.3527080118656158,0.3539499938488006,0.3348299860954284,0.341601014137268,0.341601014137268,45710620,92.6168975830078
56,2023-04-11,0.3558250069618225,0.3641529977321625,0.3517070114612579,0.3526960015296936,0.3526960015296936,61794497,92.46890258789062
57,2023-04-10,0.3443509936332702,0.3569850027561188,0.3369430005550384,0.3558380007743835,0.3558380007743835,52765073,92.4915008544922
58,2023-04-06,0.3640809953212738,0.3640809953212738,0.3506569862365722,0.3526409864425659,0.3526409864425659,32557105,92.92120361328124
59,2023-04-05,0.3610369861125946,0.3748440146446228,0.3542470037937164,0.3640449941158294,0.3640449941158294,53427905,92.93920135498048
60,2023-04-04,0.3517209887504577,0.3624779880046844,0.3462429940700531,0.3610329926013946,0.3610329926013946,47220370,92.81500244140624
61,2023-04-03,0.3496209979057312,0.3593479990959167,0.3390080034732818,0.351749986410141,0.351749986410141,49165744,92.47219848632812
62,2023-03-31,0.3649150133132934,0.3699710071086883,0.3565990030765533,0.3667240142822265,0.3667240142822265,40915025,92.18499755859376
63,2023-03-30,0.385230004787445,0.3895129859447479,0.3562889993190765,0.3648020029067993,0.3648020029067993,56411856,91.87560272216795
64,2023-03-29,0.3557910025119781,0.3883270025253296,0.354882001876831,0.3852570056915283,0.3852570056915283,107036107,91.81520080566406
65,2023-03-28,0.3466930091381073,0.3584910035133362,0.3343620002269745,0.355787992477417,0.355787992477417,50918918,92.16310119628906
66,2023-03-27,0.3728350102901459,0.3737559914588928,0.3363060057163238,0.3467119932174682,0.3467119932174682,48530683,92.2666015625
67,2023-03-24,0.3876810073852539,0.3879460096359253,0.3604139983654022,0.3683879971504211,0.3683879971504211,50931595,92.83589935302734
68,2023-03-23,0.3801609873771667,0.3929080069065094,0.3749380111694336,0.3877080082893371,0.3877080082893371,60280506,92.80979919433594
69,2023-03-22,0.3968650102615356,0.4030010104179382,0.364190012216568,0.3801749944686889,0.3801749944686889,94848700,92.47509765625
70,2023-03-21,0.3935169875621795,0.41423499584198,0.3820860087871551,0.3970009982585907,0.3970009982585907,64453182,91.7655029296875
71,2023-03-20,0.4213989973068237,0.4229669868946075,0.3874210119247436,0.3934710025787353,0.3934710025787353,93151849,92.08000183105467
72,2023-03-17,0.4223299920558929,0.4498969912528991,0.4119850099086761,0.4480110108852386,0.4480110108852386,140976425,92.34459686279295
73,2023-03-16,0.410766988992691,0.4376809895038605,0.3990649878978729,0.4222440123558044,0.4222440123558044,144462145,91.63600158691406
74,2023-03-15,0.4512960016727447,0.4782469868659973,0.3849779963493347,0.4104459881782532,0.4104459881782532,268466176,92.06700134277344
75,2023-03-14,0.3889409899711609,0.4813860058784485,0.3784190118312835,0.4506860077381134,0.4506860077381134,307665121,91.4084014892578
76,2023-03-13,0.3833020031452179,0.399057000875473,0.356904000043869,0.388929009437561,0.388929009437561,173652400,91.82430267333984
77,2023-03-10,0.3204370141029358,0.3375039994716644,0.2978990077972412,0.3344070017337799,0.3344070017337799,117930682,91.12529754638672
78,2023-03-09,0.3465439975261688,0.3710269927978515,0.3158110082149505,0.3205519914627075,0.3205519914627075,104821574,90.42630004882812
79,2023-03-08,0.400860995054245,0.4039689898490906,0.3425770103931427,0.3463639914989471,0.3463639914989471,79765684,90.01899719238281
80,2023-03-07,0.4199770092964172,0.4259989857673645,0.3875330090522766,0.4009729921817779,0.4009729921817779,80555864,90.20999908447266
81,2023-03-06,0.4317719936370849,0.4317719936370849,0.4140639901161194,0.4200020134449005,0.4200020134449005,61152637,90.4000015258789
82,2023-03-03,0.4676780104637146,0.4689410030841827,0.4052590131759643,0.4395579993724823,0.4395579993724823,130697421,90.3585968017578
83,2023-03-02,0.4851740002632141,0.4855760037899017,0.4506070017814636,0.4674200117588043,0.4674200117588043,108169868,90.08499908447266
84,2023-03-01,0.4395999908447265,0.4929910004138946,0.4395999908447265,0.4853929877281189,0.4853929877281189,179702204,90.20999908447266
85,2023-02-28,0.4358449876308441,0.4893940091133117,0.4335319995880127,0.4396089911460876,0.4396089911460876,212294805,90.435302734375
86,2023-02-27,0.4345690011978149,0.4487139880657196,0.4225920140743255,0.435835987329483,0.435835987329483,79665803,90.40670013427734
87,2023-02-24,0.436733990907669,0.4787259995937347,0.4345490038394928,0.4781970083713531,0.4781970083713531,228418814,90.29499816894533
88,2023-02-23,0.4383719861507416,0.4693830013275146,0.4295209944248199,0.4367710053920746,0.4367710053920746,121480528,90.59100341796876
89,2023-02-22,0.4339640140533447,0.4407660067081451,0.4056729972362518,0.4383110105991363,0.4383110105991363,119221916,90.43150329589844
90,2023-02-21,0.4181199967861175,0.4978800117969513,0.417396992444992,0.4342899918556213,0.4342899918556213,310832052,90.5
91,2023-02-17,0.4144870042800903,0.4472590088844299,0.4142949879169464,0.4438860118389129,0.4438860118389129,93197387,90.81770324707033
92,2023-02-16,0.4737739861011505,0.4823960065841675,0.4141609966754913,0.4144339859485626,0.4144339859485626,157491872,90.83000183105467
93,2023-02-15,0.452318012714386,0.4776729941368103,0.4184119999408722,0.4739950001239776,0.4739950001239776,176225872,90.83499908447266
94,2023-02-14,0.385998010635376,0.4609729945659637,0.3797439932823181,0.452224999666214,0.452224999666214,217340211,90.8772964477539
95,2023-02-13,0.3988150060176849,0.4080170094966888,0.3689930140972137,0.3859589993953705,0.3859589993953705,99787739,91.12100219726562
96,2023-02-10,0.3896450102329254,0.4506509900093078,0.3840200006961822,0.4237219989299774,0.4237219989299774,269673392,91.09500122070312
97,2023-02-09,0.4763540029525757,0.495510995388031,0.3734810054302215,0.3895339965820312,0.3895339965820312,297660765,91.2751007080078
98,2023-02-08,0.5440980195999146,0.6003519892692566,0.4490419924259186,0.4761579930782318,0.4761579930782318,441736031,91.4760971069336
99,2023-02-07,0.4322780072689056,0.5737419724464417,0.4322780072689056,0.5446959733963013,0.5446959733963013,494716383,91.36299896240234
100,2023-02-06,0.4517369866371155,0.471653014421463,0.4086230099201202,0.43231201171875,0.43231201171875,288086277,91.40399932861328
101,2023-02-03,0.2746880054473877,0.3357529938220978,0.2699300050735473,0.329461008310318,0.329461008310318,155100595,91.86180114746094
102,2023-02-02,0.2889519929885864,0.2983460128307342,0.2742129862308502,0.274830013513565,0.274830013513565,72573753,92.4040985107422
103,2023-02-01,0.275738000869751,0.2983179986476898,0.2585070133209228,0.2888419926166534,0.2888419926166534,69550173,92.3676986694336
104,2023-01-31,0.2654710114002228,0.2832840085029602,0.2597360014915466,0.2757880091667175,0.2757880091667175,50938682,91.9625015258789
105,2023-01-30,0.2885240018367767,0.2887310087680816,0.2597939968109131,0.2651880085468292,0.2651880085468292,42789824,91.76499938964844
106,2023-01-27,0.2635279893875122,0.2974860072135925,0.2576369941234588,0.2802860140800476,0.2802860140800476,75453789,91.90029907226562
107,2023-01-26,0.2703180015087127,0.2789309918880462,0.261137992143631,0.2635309994220733,0.2635309994220733,42430880,91.98580169677734
108,2023-01-25,0.2651059925556183,0.2788450121879577,0.2549610137939453,0.2703329920768738,0.2703329920768738,55238484,92.0999984741211
109,2023-01-24,0.2847590148448944,0.2929320037364959,0.2608290016651153,0.2647939920425415,0.2647939920425415,55139033,92.0656967163086
110,2023-01-23,0.2661589980125427,0.3044779896736145,0.2652679979801178,0.2848710119724273,0.2848710119724273,127353861,91.95999908447266
111,2023-01-20,0.2719190120697021,0.2931939959526062,0.259550005197525,0.2837080061435699,0.2837080061435699,86273204,92.03500366210938
112,2023-01-19,0.2490749955177307,0.2735170125961303,0.2456739991903305,0.271723985671997,0.271723985671997,81327606,92.27519989013672
113,2023-01-18,0.2797800004482269,0.2962320148944855,0.2404679954051971,0.2490539997816085,0.2490539997816085,151658529,92.3550033569336
114,2023-01-17,0.2290350049734115,0.2817150056362152,0.2250880002975464,0.2797029912471771,0.2797029912471771,170007723,91.81159973144533
115,2023-01-13,0.2025890052318573,0.250995010137558,0.2025890052318573,0.2400480061769485,0.2400480061769485,158012639,91.83519744873048
116,2023-01-12,0.1875720024108886,0.2159619927406311,0.1798609942197799,0.2026939988136291,0.2026939988136291,108788929,92.06929779052734
117,2023-01-11,0.1897940039634704,0.2044800072908401,0.1743330061435699,0.1813379973173141,0.1813379973173141,112394943,91.64070129394533
118,2023-01-10,0.1529359966516494,0.1953399926424026,0.1472309976816177,0.1900459975004196,0.1900459975004196,121938019,91.38610076904295
119,2023-01-09,0.1405400037765503,0.1703830063343048,0.1392299979925155,0.1528680026531219,0.1528680026531219,78697151,91.5999984741211
120,2023-01-06,0.1065170019865036,0.1335919946432113,0.1065170019865036,0.1246889978647232,0.1246889978647232,64516293,91.4083023071289
121,2023-01-05,0.1128820031881332,0.1132460013031959,0.1062510013580322,0.1064660027623176,0.1064660027623176,18412716,90.75140380859376
122,2023-01-04,0.1023690029978752,0.1159740015864372,0.1017199978232383,0.1130440011620521,0.1130440011620521,40393622,90.87920379638672
123,2023-01-03,0.0965439975261688,0.103422999382019,0.0963909998536109,0.1022970005869865,0.1022970005869865,24175516,90.6187973022461
124,2022-12-30,0.0924760028719902,0.0949639976024627,0.0896319970488548,0.0936229974031448,0.0936229974031448,9541780,90.43170166015624
125,2022-12-29,0.0958620011806488,0.0986680015921592,0.0903019979596138,0.0924779996275901,0.0924779996275901,11183699,90.59230041503906
126,2022-12-28,0.0979880020022392,0.1025889962911605,0.0941060036420822,0.0958359986543655,0.0958359986543655,17405929,90.43470001220705
127,2022-12-27,0.0993530005216598,0.1020369976758956,0.0961320027709007,0.0979859977960586,0.0979859977960586,16794196,90.50959777832033
128,2022-12-23,0.0940970033407211,0.0961190015077591,0.089879997074604,0.0903410017490387,0.0903410017490387,14305274,90.80449676513672
129,2022-12-22,0.0934349969029426,0.0999720022082328,0.0887129977345466,0.094038002192974,0.094038002192974,40107104,90.94519805908205
130,2022-12-21,0.0857520028948783,0.0960099995136261,0.0823090001940727,0.0934400036931037,0.0934400036931037,37991216,90.9656982421875
131,2022-12-20,0.0845419988036155,0.088808998465538,0.0844310000538826,0.0857589989900589,0.0857589989900589,10343870,91.18489837646484
132,2022-12-19,0.0880490019917488,0.0909129977226257,0.0835499987006187,0.0845699980854988,0.0845699980854988,15836984,91.4354019165039
133,2022-12-16,0.101510003209114,0.106013998389244,0.0901170000433921,0.0905959978699684,0.0905959978699684,37158552,91.74710083007812
134,2022-12-15,0.0998990014195442,0.1042829975485801,0.0962110012769699,0.1014240011572837,0.1014240011572837,35484388,91.78459930419922
135,2022-12-14,0.09077999740839,0.111904002726078,0.0906720012426376,0.0999070033431053,0.0999070033431053,82518524,91.74210357666016
136,2022-12-13,0.0954750031232833,0.0982209965586662,0.0892359986901283,0.0907820016145706,0.0907820016145706,26007545,91.63490295410156
137,2022-12-12,0.1040849983692169,0.1087249964475631,0.0944869965314865,0.0954769998788833,0.0954769998788833,42897541,91.2197036743164
138,2022-12-09,0.0888900011777877,0.1290100067853927,0.0888900011777877,0.12066700309515,0.12066700309515,252396425,91.31390380859376
139,2022-12-08,0.0812430009245872,0.0975970029830932,0.074253998696804,0.088919997215271,0.088919997215271,114440129,91.51210021972656
140,2022-12-07,0.0699980035424232,0.0831200033426284,0.065932996571064,0.0810149982571601,0.0810149982571601,46887931,91.69490051269533
141,2022-12-06,0.0684330016374588,0.0786800011992454,0.0675479993224144,0.0700009986758232,0.0700009986758232,34479091,91.30999755859376
142,2022-12-05,0.0633450001478195,0.0729999989271164,0.0632459968328476,0.0684359967708587,0.0684359967708587,45584044,91.15489959716795
143,2022-12-02,0.0622170008718967,0.0640539973974227,0.0619289986789226,0.0637930035591125,0.0637930035591125,5706768,91.60009765625
144,2022-12-01,0.0633699968457222,0.0639469996094703,0.0621160008013248,0.0622139982879161,0.0622139982879161,5854572,91.51609802246094
145,2022-11-30,0.0622429996728897,0.0638910010457038,0.0618459992110729,0.063398003578186,0.063398003578186,7238500,90.95999908447266
146,2022-11-29,0.061073001474142,0.0633919984102249,0.060768999159336,0.0622319988906383,0.0622319988906383,7549756,90.61509704589844
147,2022-11-28,0.0622350014746189,0.0632949993014335,0.0592169985175132,0.0610600002110004,0.0610600002110004,9582288,90.80960083007812
148,2022-11-25,0.0627639964222908,0.0632790029048919,0.0600269995629787,0.0623160004615783,0.0623160004615783,12296757,90.779296875
149,2022-11-23,0.0567610003054142,0.0734509974718093,0.0564539991319179,0.063739001750946,0.063739001750946,46148601,90.74500274658205
150,2022-11-22,0.0549240000545978,0.0567869991064071,0.0530029982328414,0.0567849986255168,0.0567849986255168,4558437,90.47000122070312
151,2022-11-21,0.0576750002801418,0.0576750002801418,0.0546929985284805,0.0549479983747005,0.0549479983747005,5159157,90.34490203857422
152,2022-11-18,0.0602249987423419,0.0615920014679431,0.0596100017428398,0.0599979981780052,0.0599979981780052,4198444,90.385498046875
153,2022-11-17,0.0608990006148815,0.0613889992237091,0.0597149990499019,0.0602260008454322,0.0602260008454322,3618800,90.56529998779295
154,2022-11-16,0.0623090006411075,0.0639469996094703,0.0599349997937679,0.0609089992940425,0.0609089992940425,4252829,90.83100128173828
155,2022-11-15,0.0631489977240562,0.064240001142025,0.0613740012049675,0.0622779987752437,0.0622779987752437,4782356,90.6168975830078
156,2022-11-14,0.0603989996016025,0.063239999115467,0.0571650005877018,0.063239999115467,0.063239999115467,6064057,90.25489807128906
157,2022-11-11,0.0688360035419464,0.0690279975533485,0.0624370016157627,0.0648650005459785,0.0648650005459785,6655829,90.375
158,2022-11-10,0.0601110011339187,0.0703589990735054,0.0593850016593933,0.068861000239849,0.068861000239849,9622003,90.42440032958984
159,2022-11-09,0.0775270015001297,0.0775270015001297,0.0586359985172748,0.0600749999284744,0.0600749999284744,12574829,89.26000213623047
160,2022-11-08,0.0880149975419044,0.0888969972729682,0.0740159973502159,0.0775389969348907,0.0775389969348907,10208568,89.17980194091797
161,2022-11-07,0.089197002351284,0.0910620018839836,0.0863209962844848,0.0880270004272461,0.0880270004272461,6200381,88.9572982788086
162,2022-11-04,0.0869219973683357,0.091959998011589,0.0865800008177757,0.0905359983444213,0.0905359983444213,10668740,89.10160064697266
163,2022-11-03,0.080214999616146,0.0901499986648559,0.0801030024886131,0.0868180021643638,0.0868180021643638,19258978,89.00340270996094
164,2022-11-02,0.0826189965009689,0.0832680016756057,0.0795869976282119,0.0802140012383461,0.0802140012383461,6890673,89.21160125732422
165,2022-11-01,0.085046999156475,0.08559600263834,0.0821200013160705,0.0825409963726997,0.0825409963726997,7026645,89.32689666748047
166,2022-10-31,0.0841019973158836,0.0862070024013519,0.0836789980530738,0.0850130021572113,0.0850130021572113,6314190,89.2936019897461
167,2022-10-28,0.0810699984431266,0.0833500027656555,0.0805390030145645,0.0823760032653808,0.0823760032653808,4440683,89.54440307617188
168,2022-10-27,0.0818310007452964,0.0840839967131614,0.0808990001678466,0.0811010003089904,0.0811010003089904,5791383,89.75299835205078
169,2022-10-26,0.0817520022392273,0.0835940018296241,0.0815680027008056,0.0818049982190132,0.0818049982190132,5071926,89.44049835205078
170,2022-10-25,0.0803679972887039,0.0826150029897689,0.0796319991350174,0.0817660018801689,0.0817660018801689,5551848,89.26629638671875
171,2022-10-24,0.0815479978919029,0.0816840007901191,0.0797699987888336,0.0803639963269233,0.0803639963269233,4730884,88.88009643554688
172,2022-10-21,0.0807280018925666,0.0819540023803711,0.0780540034174919,0.0806339979171752,0.0806339979171752,5497861,88.8895034790039
173,2022-10-20,0.081446997821331,0.0818869993090629,0.0797490030527114,0.0807309970259666,0.0807309970259666,4410266,88.60900115966797
174,2022-10-19,0.0845519974827766,0.0852359980344772,0.0814360007643699,0.081445999443531,0.081445999443531,5271358,88.89179992675781
175,2022-10-18,0.0874300003051757,0.0888929963111877,0.0832550004124641,0.0845410004258155,0.0845410004258155,8059068,89.3302001953125
176,2022-10-17,0.0854469984769821,0.0883990004658699,0.0832289978861808,0.0874250009655952,0.0874250009655952,11080212,89.21289825439453
177,2022-10-14,0.0823879987001419,0.0843390002846717,0.079754002392292,0.0807199999690055,0.0807199999690055,9264204,89.14409637451172
178,2022-10-13,0.0796990022063255,0.0839729979634285,0.0741640031337738,0.082396000623703,0.082396000623703,16018393,89.30599975585938
179,2022-10-12,0.0794159993529319,0.0806400030851364,0.0792599990963935,0.0797159969806671,0.0797159969806671,6972172,89.55269622802734
180,2022-10-11,0.0799769982695579,0.0822440013289451,0.0791689977049827,0.0794090032577514,0.0794090032577514,8736242,89.46849822998047
181,2022-10-10,0.0826670005917549,0.0840049982070922,0.0799759998917579,0.0799759998917579,0.0799759998917579,9566898,89.47840118408203
182,2022-10-07,0.0807290002703666,0.0812000036239624,0.0793970003724098,0.0800589993596077,0.0800589993596077,4520792,89.6104965209961
183,2022-10-06,0.0813160017132759,0.0822409987449646,0.0804390013217926,0.0807320028543472,0.0807320028543472,4604470,89.94000244140625
184,2022-10-05,0.0823090001940727,0.0826710015535354,0.0800390020012855,0.0813139975070953,0.0813139975070953,4678893,90.07209777832033
185,2022-10-04,0.0807550027966499,0.0828149989247322,0.0804409980773925,0.0823120027780532,0.0823120027780532,5035244,90.4456024169922
186,2022-10-03,0.0788109973073005,0.0818590000271797,0.0785629972815513,0.080774001777172,0.080774001777172,6020608,90.25659942626952
187,2022-09-30,0.0830340012907981,0.0837519988417625,0.0817229971289634,0.0826470032334327,0.0826470032334327,5694522,89.67220306396484
188,2022-09-29,0.0849130004644393,0.0855370014905929,0.0815519988536834,0.083074003458023,0.083074003458023,7710016,89.81279754638672
189,2022-09-28,0.0813319981098175,0.0894590020179748,0.0793619975447654,0.0849030017852783,0.0849030017852783,18555744,90.0740966796875
190,2022-09-27,0.0811429992318153,0.0849509984254837,0.0800660029053688,0.0813520029187202,0.0813520029187202,7820933,89.70999908447266
191,2022-09-26,0.080265000462532,0.0811600014567375,0.0792699977755546,0.0811600014567375,0.0811600014567375,5966398,89.95999908447266
192,2022-09-23,0.0827839970588684,0.0870729982852935,0.0821909978985786,0.0853359997272491,0.0853359997272491,9827171,90.5999984741211
193,2022-09-22,0.0795620009303093,0.0832780003547668,0.0792300030589103,0.08279599994421,0.08279599994421,6191196,90.73500061035156
194,2022-09-21,0.0826139971613884,0.0861739963293075,0.078524999320507,0.0796210020780563,0.0796210020780563,13163604,91.31500244140624
195,2022-09-20,0.0828419998288154,0.0853020027279853,0.0814630016684532,0.0825920030474662,0.0825920030474662,7761351,91.22660064697266
196,2022-09-19,0.0813229978084564,0.0839980021119117,0.0799750015139579,0.0828490033745765,0.0828490033745765,8302506,91.44889831542967
197,2022-09-16,0.0914129987359047,0.0918599963188171,0.0861520022153854,0.0864650011062622,0.0864650011062622,12975423,91.6449966430664
198,2022-09-15,0.092008002102375,0.0981599986553192,0.0877470001578331,0.0913920029997825,0.0913920029997825,24604786,91.54499816894533
199,2022-09-14,0.0859559997916221,0.0975660011172294,0.0842249989509582,0.092018999159336,0.092018999159336,22071027,91.72840118408205
200,2022-09-13,0.0912349969148635,0.091617003083229,0.0845770016312599,0.0866860002279281,0.0866860002279281,9114803,91.75879669189452
201,2022-09-12,0.0950860008597374,0.0983339995145797,0.090328000485897,0.0912339985370636,0.0912339985370636,11526558,92.17330169677734
202,2022-09-09,0.092860996723175,0.0963589996099472,0.0912820026278495,0.0953819975256919,0.0953819975256919,14989051,92.22119903564452
203,2022-09-08,0.0973590016365051,0.0990270003676414,0.0903510004281997,0.0928549990057945,0.0928549990057945,28242713,92.27429962158205
204,2022-09-07,0.077403999865055,0.103033997118473,0.0763470008969307,0.0974010005593299,0.0974010005593299,103226706,92.41419982910156
205,2022-09-06,0.0821539983153343,0.0839890018105506,0.0765319988131523,0.0774340033531189,0.0774340033531189,8608622,92.11740112304688
206,2022-09-02,0.0818839967250824,0.0854199975728988,0.080775998532772,0.0809170007705688,0.0809170007705688,7514903,92.57009887695312
207,2022-09-01,0.081286996603012,0.0822469964623451,0.0795240029692649,0.0818800032138824,0.0818800032138824,7832974,92.28399658203124
208,2022-08-31,0.0804490000009536,0.0838100016117096,0.0804490000009536,0.0812899991869926,0.0812899991869926,6479820,92.66500091552734
209,2022-08-30,0.084425002336502,0.0853639990091323,0.0792599990963935,0.0804440006613731,0.0804440006613731,5452736,92.69660186767578
210,2022-08-29,0.0784720033407211,0.0845580026507377,0.0780529975891113,0.0844160020351409,0.0844160020351409,6306271,92.73999786376952
211,2022-08-26,0.0911360010504722,0.0911550000309944,0.0847949981689453,0.0855180025100708,0.0855180025100708,10697523,93.00499725341795
212,2022-08-25,0.0909510031342506,0.0928800031542778,0.0899590030312538,0.0911720022559166,0.0911720022559166,8753980,93.11239624023438
213,2022-08-24,0.0917370021343231,0.0934299975633621,0.0894989967346191,0.0909349992871284,0.0909349992871284,6684392,92.8583984375
214,2022-08-23,0.0894469991326332,0.0945260003209114,0.0881510004401207,0.0917449966073036,0.0917449966073036,11871014,93.0072021484375
215,2022-08-22,0.0891669988632202,0.0894389972090721,0.0848890021443367,0.0894389972090721,0.0894389972090721,11089844,93.05500030517578
216,2022-08-19,0.0943740010261535,0.0944349989295005,0.0839369967579841,0.084866002202034,0.084866002202034,10607580,93.3000030517578
217,2022-08-18,0.1019269973039627,0.1025950014591217,0.0942919999361038,0.0943870022892952,0.0943870022892952,10073769,93.5251007080078
218,2022-08-17,0.1077739968895912,0.1124970018863678,0.0995230004191398,0.1018840000033378,0.1018840000033378,14922053,93.427001953125
219,2022-08-16,0.1008559986948967,0.1164380013942718,0.1005750000476837,0.1077790036797523,0.1077790036797523,46968008,93.74230194091795
220,2022-08-15,0.0995879992842674,0.1047089993953704,0.0962020009756088,0.1009209975600242,0.1009209975600242,12959627,93.87429809570312
221,2022-08-12,0.0972179993987083,0.104154996573925,0.0957529991865158,0.1036709994077682,0.1036709994077682,11946632,93.71299743652344
222,2022-08-11,0.0996420010924339,0.1025289967656135,0.0968329980969429,0.0972559973597526,0.0972559973597526,12308338,93.55609893798828
223,2022-08-10,0.0959250032901763,0.0996939986944198,0.0927300006151199,0.0996380001306533,0.0996380001306533,12072087,93.8949966430664
224,2022-08-09,0.1018059998750686,0.1027489975094795,0.0945189967751503,0.0959409996867179,0.0959409996867179,11638207,93.61160278320312
225,2022-08-08,0.1041639968752861,0.1052090004086494,0.1014989987015724,0.101792998611927,0.101792998611927,14871085,93.7750015258789
226,2022-08-05,0.0964059978723526,0.1010890007019043,0.0964059978723526,0.1005650013685226,0.1005650013685226,12715202,93.59480285644533
227,2022-08-04,0.0959429964423179,0.1045800000429153,0.0933490023016929,0.0964429974555969,0.0964429974555969,23850989,94.1843032836914
228,2022-08-03,0.0929189994931221,0.097971998155117,0.0910369977355003,0.0959350019693374,0.0959350019693374,12187352,93.9832000732422
229,2022-08-02,0.0949240028858184,0.0969379991292953,0.091447003185749,0.0929159969091415,0.0929159969091415,13900103,93.84500122070312
230,2022-08-01,0.0959969982504844,0.1033350005745887,0.0913439989089965,0.0949089974164962,0.0949089974164962,18933606,94.49500274658205
231,2022-07-29,0.0862749963998794,0.0897400006651878,0.0845919996500015,0.0863170027732849,0.0863170027732849,16254366,94.41500091552734
232,2022-07-28,0.081006996333599,0.0908439978957176,0.080326996743679,0.0860309973359108,0.0860309973359108,15913457,94.33499908447266
233,2022-07-27,0.0763439983129501,0.0810820013284683,0.0754889994859695,0.080935999751091,0.080935999751091,12374656,93.91000366210938
234,2022-07-26,0.0774490013718605,0.0774490013718605,0.0741129964590072,0.0763150006532669,0.0763150006532669,8282025,93.59880065917967
235,2022-07-25,0.0847520008683204,0.0848039984703064,0.0774580016732215,0.0774590000510215,0.0774590000510215,9595296,93.6500015258789
236,2022-07-22,0.0851230025291442,0.0885019972920417,0.0825330018997192,0.082746997475624,0.082746997475624,12292577,93.78109741210938
237,2022-07-21,0.0842439979314804,0.0861530005931854,0.0805969983339309,0.0851359963417053,0.0851359963417053,13889887,93.31610107421876
238,2022-07-20,0.0878650024533271,0.0927449986338615,0.0837730020284652,0.0842500030994415,0.0842500030994415,26245136,92.78500366210938
239,2022-07-19,0.0846090018749237,0.0903870016336441,0.0833709985017776,0.0878869965672493,0.0878869965672493,23910859,92.83670043945312
240,2022-07-18,0.0796739980578422,0.0856370031833648,0.0796590000391006,0.0846100002527237,0.0846100002527237,17159378,93.04499816894533
241,2022-07-15,0.0769210010766983,0.0795319974422454,0.0754109993577003,0.0768190026283264,0.0768190026283264,16326112,93.09500122070312
242,2022-07-14,0.0739800035953521,0.0792239978909492,0.0739179998636245,0.0768980011343956,0.0768980011343956,17409559,92.99669647216795
243,2022-07-13,0.0687749981880188,0.0741200000047683,0.0675470009446144,0.073914997279644,0.073914997279644,13759026,93.12580108642578
244,2022-07-12,0.072342999279499,0.073181003332138,0.0686070024967193,0.0687759965658187,0.0687759965658187,13726807,93.0999984741211
245,2022-07-11,0.0772560015320777,0.0772560015320777,0.0720219984650611,0.072343997657299,0.072343997657299,13349758,92.9521026611328
246,2022-07-08,0.0813779979944229,0.0828149989247322,0.0768409967422485,0.079816997051239,0.079816997051239,15456580,92.76000213623048
247,2022-07-07,0.0758069977164268,0.0824389979243278,0.0753630027174949,0.0813779979944229,0.0813779979944229,18120056,92.91500091552734
248,2022-07-06,0.0743070021271705,0.0768069997429847,0.0734729990363121,0.0758370012044906,0.0758370012044906,12558293,93.10140228271484
249,2022-07-05,0.0772640034556388,0.0775739997625351,0.0723299980163574,0.0742930024862289,0.0742930024862289,12800951,93.5500030517578
250,2022-07-01,0.0741669982671737,0.0770910009741783,0.0732889994978904,0.0739839971065521,0.0739839971065521,12537904,93.4250030517578
251,2022-06-30,0.0768869966268539,0.0769250020384788,0.0695270001888275,0.0741399973630905,0.0741399973630905,14059611,92.87789916992188
252,2022-06-29,0.0761689990758895,0.0790750011801719,0.073973000049591,0.0768399983644485,0.0768399983644485,15971930,92.5
253,2022-06-28,0.0823760032653808,0.0840829983353614,0.075822003185749,0.076164998114109,0.076164998114109,16213186,92.2145004272461
254,2022-06-27,0.0827540010213851,0.0853559970855712,0.0803870037198066,0.0823749974370002,0.0823749974370002,23190010,92.31700134277344
255,2022-06-24,0.0821319967508316,0.0909050032496452,0.0820740014314651,0.0901010036468505,0.0901010036468505,23700083,92.54499816894533
256,2022-06-23,0.0819209963083267,0.083695001900196,0.0802730023860931,0.0821079984307289,0.0821079984307289,20197033,92.59760284423828
257,2022-06-22,0.0823120027780532,0.0875499993562698,0.0795520022511482,0.0819199979305267,0.0819199979305267,19968197,92.39469909667967
258,2022-06-21,0.0805869996547699,0.0872770026326179,0.080314002931118,0.0823080018162727,0.0823080018162727,21239427,91.90499877929688
259,2022-06-17,0.0830599963665008,0.0846119970083236,0.077844999730587,0.0802500024437904,0.0802500024437904,25285627,92.03780364990234
260,2022-06-16,0.1075100004673004,0.1085470020771026,0.0821579992771148,0.0830539986491203,0.0830539986491203,27531815,92.07510375976562
261,2022-06-15,0.1096019968390464,0.1096019968390464,0.0863600000739097,0.107474997639656,0.107474997639656,36086787,91.86000061035156
262,2022-06-14,0.1093970015645027,0.1130239963531494,0.1029459983110427,0.1096440032124519,0.1096440032124519,18370185,91.17839813232422
263,2022-06-13,0.115276001393795,0.1170940026640892,0.1045849993824958,0.1093970015645027,0.1093970015645027,24729787,91.5270004272461
264,2022-06-10,0.1549849957227707,0.1667850017547607,0.1448760032653808,0.1448879987001419,0.1448879987001419,24777890,92.43260192871094
265,2022-06-09,0.1502639949321746,0.163999006152153,0.1496739983558654,0.1550000011920929,0.1550000011920929,22666537,93.0500030517578
266,2022-06-08,0.155467003583908,0.1694349944591522,0.1497679948806762,0.1503500044345855,0.1503500044345855,25965367,93.1750030517578
267,2022-06-07,0.1492380052804947,0.1630479991436004,0.1397400051355362,0.1557469964027404,0.1557469964027404,36375252,93.31790161132812
268,2022-06-06,0.1477680057287216,0.1568379998207092,0.1477680057287216,0.1492310017347335,0.1492310017347335,29012862,93.1990966796875
269,2022-06-03,0.1634989976882934,0.1654410064220428,0.1518390029668808,0.1532550007104873,0.1532550007104873,28789439,93.45439910888672
270,2022-06-02,0.153121992945671,0.1644349992275238,0.1507100015878677,0.1634320020675659,0.1634320020675659,22504366,93.54499816894533
271,2022-06-01,0.1698759943246841,0.1734029948711395,0.1515959948301315,0.1531469970941543,0.1531469970941543,23923054,93.49500274658205
272,2022-05-31,0.1673499941825866,0.1732970029115677,0.1637070029973983,0.1698269993066787,0.1698269993066787,18406692,93.7925033569336
273,2022-05-27,0.1445149928331375,0.1510130017995834,0.1359539926052093,0.140063002705574,0.140063002705574,25471594,94.13999938964844
274,2022-05-26,0.1594360023736953,0.1620559990406036,0.1416209936141967,0.144569993019104,0.144569993019104,11157660,94.08999633789062
275,2022-05-25,0.1635009944438934,0.1655620038509369,0.1582279950380325,0.1594299972057342,0.1594299972057342,9121650,94.00789642333984
276,2022-05-24,0.1653210073709488,0.1681430041790008,0.1551100015640258,0.1635430008172989,0.1635430008172989,11354975,93.8124008178711
277,2022-05-23,0.1734499931335449,0.1787430047988891,0.1648969948291778,0.1653109937906265,0.1653109937906265,20536220,93.41999816894533
278,2022-05-20,0.1807159930467605,0.1821220070123672,0.1666660010814666,0.1680800020694732,0.1680800020694732,10598297,93.6095962524414
279,2022-05-19,0.1685390025377273,0.1827470064163208,0.1633940041065216,0.1808110028505325,0.1808110028505325,11992675,93.44429779052734
280,2022-05-18,0.1897280067205429,0.1919160038232803,0.1685860008001327,0.1685860008001327,0.1685860008001327,11318263,93.24500274658205
281,2022-05-17,0.1840070039033889,0.1992789953947067,0.1794890016317367,0.1897339969873428,0.1897339969873428,18819467,93.0896987915039
282,2022-05-16,0.1808899939060211,0.1863259971141815,0.168623000383377,0.1839620023965835,0.1839620023965835,13652863,93.4749984741211
283,2022-05-13,0.1433819979429245,0.1837040036916732,0.1406310051679611,0.1611749976873397,0.1611749976873397,14227340,93.30500030517578
284,2022-05-12,0.1345909982919693,0.178299993276596,0.1327250003814697,0.1436160057783126,0.1436160057783126,21647928,93.47969818115234
285,2022-05-11,0.1976670026779174,0.2015430033206939,0.1252990067005157,0.134563997387886,0.134563997387886,21450516,93.30999755859376
286,2022-05-10,0.1979960054159164,0.2221519947052002,0.1901700049638748,0.1977439969778061,0.1977439969778061,21285960,93.19170379638672
287,2022-05-09,0.2432489991188049,0.246640995144844,0.1983740031719207,0.1983740031719207,0.1983740031719207,25251083,93.08080291748048
288,2022-05-06,0.2687189877033233,0.2697240114212036,0.2572399973869324,0.2600249946117401,0.2600249946117401,15179213,92.79000091552734
289,2022-05-05,0.2894600033760071,0.2962099909782409,0.2581619918346405,0.2687020003795624,0.2687020003795624,24575840,92.96050262451172
290,2022-05-04,0.2687340080738067,0.3019070029258728,0.2678500115871429,0.2894630134105682,0.2894630134105682,38849974,93.27670288085938
291,2022-05-03,0.2635470032691955,0.2828849852085113,0.260340005159378,0.268790990114212,0.268790990114212,20464901,92.94519805908205
292,2022-05-02,0.2705070078372955,0.2776109874248504,0.2572290003299713,0.2634859979152679,0.2634859979152679,19898529,92.88860321044922
293,2022-04-29,0.3083530068397522,0.3089010119438171,0.280582994222641,0.2852770090103149,0.2852770090103149,15074647,93.23870086669922
294,2022-04-28,0.3131920099258423,0.3206230103969574,0.3052510023117065,0.308351993560791,0.308351993560791,15817973,93.40280151367188
295,2022-04-27,0.3032819926738739,0.3291589915752411,0.3028370141983032,0.3131310045719147,0.3131310045719147,20754610,93.51490020751952
296,2022-04-26,0.3365350067615509,0.3418889939785003,0.3023509979248047,0.3032039999961853,0.3032039999961853,22847023,93.68060302734376
297,2022-04-25,0.3416489958763122,0.3512229919433594,0.3227699995040893,0.3366389870643616,0.3366389870643616,50908052,93.4499969482422
298,2022-04-22,0.3234130144119262,0.3316240012645721,0.3174329996109009,0.3217709958553314,0.3217709958553314,16581727,93.1636962890625
299,2022-04-21,0.3366250097751617,0.3477779924869537,0.3193280100822449,0.3234399855136871,0.3234399855136871,21412755,93.2292022705078
300,2022-04-20,0.3482620120048523,0.3540700078010559,0.3320319950580597,0.3366439938545227,0.3366439938545227,18316671,93.4000015258789
301,2022-04-19,0.3434840142726898,0.3517799973487854,0.3377389907836914,0.34825399518013,0.34825399518013,16623385,93.27539825439452
302,2022-04-18,0.3294210135936737,0.345205008983612,0.3123269975185394,0.3435199856758117,0.3435199856758117,28513854,93.66500091552734
303,2022-04-14,0.3518379926681518,0.3559629917144775,0.3291119933128357,0.3327530026435852,0.3327530026435852,36176109,93.71499633789062
304,2022-04-13,0.3462060093879699,0.3618870079517364,0.3387750089168548,0.3518939912319183,0.3518939912319183,18081721,94.05560302734376
305,2022-04-12,0.3372730016708374,0.3710150122642517,0.3328520059585571,0.3463020026683807,0.3463020026683807,30671475,94.03130340576172
306,2022-04-11,0.3768860101699829,0.3779650032520294,0.3360620141029358,0.3371540009975433,0.3371540009975433,31357650,93.68350219726562
307,2022-04-08,0.4494900107383728,0.4651510119438171,0.3991549909114837,0.4009400010108948,0.4009400010108948,33064157,93.86509704589844
308,2022-04-07,0.4479129910469055,0.4657149910926819,0.4364170134067535,0.4496450126171112,0.4496450126171112,27990829,94.07530212402344
309,2022-04-06,0.5071520209312439,0.5077869892120361,0.4417659938335418,0.447730004787445,0.447730004787445,41051231,94.0999984741211
310,2022-04-05,0.481330007314682,0.5374490022659302,0.4799039959907532,0.5072939991950989,0.5072939991950989,83606043,94.16500091552734
311,2022-04-04,0.4708819985389709,0.4839029908180237,0.4503329992294311,0.4815689921379089,0.4815689921379089,33143963,94.61000061035156
312,2022-04-01,0.4544230103492737,0.4880799949169159,0.4312849938869476,0.4766519963741302,0.4766519963741302,56425100,94.51000213623048
313,2022-03-31,0.469525009393692,0.4825339913368225,0.4420889914035797,0.4539960026741028,0.4539960026741028,29648942,94.87149810791016
314,2022-03-30,0.468984991312027,0.4787630140781402,0.4525040090084076,0.469541996717453,0.469541996717453,32949271,94.83920288085938
315,2022-03-29,0.4307790100574493,0.4883939921855926,0.4305579960346222,0.468993991613388,0.468993991613388,45805006,94.64700317382812
316,2022-03-28,0.4461030066013336,0.4625180065631866,0.4309130012989044,0.4310669898986816,0.4310669898986816,35181884,94.64620208740234
317,2022-03-25,0.438302993774414,0.4438830018043518,0.4044939875602722,0.4061749875545501,0.4061749875545501,34639022,94.62090301513672
318,2022-03-24,0.3960379958152771,0.4519169926643371,0.3960379958152771,0.4382269978523254,0.4382269978523254,130280740,95.08650207519533
319,2022-03-23,0.3728260099887848,0.4439469873905182,0.3596819937229156,0.3959180116653442,0.3959180116653442,143500524,95.2136001586914
320,2022-03-22,0.3402200043201446,0.4117529988288879,0.3397310078144073,0.372171014547348,0.372171014547348,124235520,94.99700164794922
321,2022-03-21,0.3272370100021362,0.3435289859771728,0.3229809999465942,0.3402140140533447,0.3402140140533447,31594069,95.15119934082033
322,2022-03-18,0.3300909996032715,0.3367739915847778,0.3205589950084686,0.3309929966926574,0.3309929966926574,22568211,95.70169830322266
323,2022-03-17,0.3291229903697967,0.337585985660553,0.3243089914321899,0.3301549851894378,0.3301549851894378,26659703,95.59980010986328
324,2022-03-16,0.3266350030899048,0.3350720107555389,0.3161790072917938,0.3290880024433136,0.3290880024433136,31930340,95.48580169677734
325,2022-03-15,0.3245550096035003,0.331479012966156,0.3168300092220306,0.3266940116882324,0.3266940116882324,39748517,95.54080200195312
326,2022-03-14,0.3166039884090423,0.3290970027446747,0.3137870132923126,0.3248560130596161,0.3248560130596161,27780584,95.5593032836914
327,2022-03-11,0.3568060100078583,0.3673900067806244,0.3373480141162872,0.3398880064487457,0.3398880064487457,37297672,96.03009796142578
328,2022-03-10,0.3549689948558807,0.3589560091495514,0.3197650015354156,0.3564580082893371,0.3564580082893371,43284165,96.08499908447266
329,2022-03-09,0.3203270137310028,0.3695490062236786,0.3191550076007843,0.3547939956188202,0.3547939956188202,58051389,96.26190185546876
330,2022-03-08,0.3249340057373047,0.3345229923725128,0.3170480132102966,0.3203530013561249,0.3203530013561249,29530078,96.46499633789062
331,2022-03-07,0.3162850141525268,0.3390499949455261,0.3075630068778991,0.3249439895153045,0.3249439895153045,72255033,96.81780242919922
332,2022-03-04,0.3216480016708374,0.3618150055408478,0.3087530136108398,0.3098790049552917,0.3098790049552917,90762552,97.056396484375
333,2022-03-03,0.3394449949264526,0.3493080139160156,0.3150590062141418,0.3216300010681152,0.3216300010681152,36173684,96.7938003540039
334,2022-03-02,0.3591099977493286,0.4188840091228485,0.3347890079021454,0.3392350077629089,0.3392350077629089,203295517,96.7510986328125
335,2022-03-01,0.2831870019435882,0.4037039875984192,0.2822369933128357,0.3574930131435394,0.3574930131435394,132666887,97.29209899902344
336,2022-02-28,0.2626250088214874,0.2832759916782379,0.2602770030498504,0.2832080125808716,0.2832080125808716,25821197,96.93910217285156
337,2022-02-25,0.2609669864177704,0.2844879925251007,0.2582710087299347,0.2787890136241913,0.2787890136241913,33308276,96.49500274658205
338,2022-02-24,0.2736729979515075,0.2756209969520569,0.2281280010938644,0.2609370052814483,0.2609370052814483,35209821,96.48159790039062
339,2022-02-23,0.2923890054225921,0.3005439937114715,0.2735899984836578,0.2736020088195801,0.2736020088195801,20137520,96.3904037475586
340,2022-02-22,0.2771129906177521,0.2946580052375793,0.2629120051860809,0.2923940122127533,0.2923940122127533,30006519,96.5239028930664
341,2022-02-18,0.3342559933662414,0.3475289940834045,0.3261629939079284,0.3278250098228454,0.3278250098228454,18056550,96.64230346679688
342,2022-02-17,0.3703239858150482,0.3764899969100952,0.3322469890117645,0.3341369926929474,0.3341369926929474,28928706,96.56719970703124
343,2022-02-16,0.3599050045013428,0.3824450075626373,0.3554329872131347,0.3705399930477142,0.3705399930477142,41594830,96.43409729003906
344,2022-02-15,0.3441700041294098,0.3661819994449615,0.3426400125026703,0.3598780035972595,0.3598780035972595,21762897,96.3550033569336
345,2022-02-14,0.3373380005359649,0.3496820032596588,0.3228160142898559,0.344184011220932,0.344184011220932,21688584,96.42430114746094
346,2022-02-11,0.3966600000858307,0.4037410020828247,0.3515009880065918,0.3627490103244781,0.3627490103244781,40106026,96.6854019165039
347,2022-02-10,0.4168300032615661,0.4240759909152984,0.3826000094413757,0.3967199921607971,0.3967199921607971,56455532,96.28379821777344
348,2022-02-09,0.3884629905223846,0.4279119968414306,0.3805789947509765,0.4167029857635498,0.4167029857635498,30421525,96.8550033569336
349,2022-02-08,0.3904579877853393,0.4212029874324798,0.3677670061588287,0.3888829946517944,0.3888829946517944,46361596,96.82769775390624
350,2022-02-07,0.3490029871463775,0.4184300005435943,0.3425250053405761,0.3904240131378174,0.3904240131378174,45629579,96.96839904785156
351,2022-02-04,0.3132820129394531,0.3365910053253174,0.3111129999160766,0.3365490138530731,0.3365490138530731,17734781,96.9250030517578
352,2022-02-03,0.3036119937896728,0.3132579922676086,0.2997989952564239,0.3132579922676086,0.3132579922676086,15289605,97.30989837646484
353,2022-02-02,0.3261519968509674,0.3288559913635254,0.3030079901218414,0.3035629987716675,0.3035629987716675,16376794,97.47419738769533
354,2022-02-01,0.3216750025749206,0.332394003868103,0.3192610144615173,0.3260619938373565,0.3260619938373565,17721500,97.4000015258789
355,2022-01-31,0.3108629882335663,0.3312489986419678,0.2947880029678345,0.3218620121479034,0.3218620121479034,18326092,97.41739654541016
356,2022-01-28,0.312976986169815,0.3199360072612762,0.3015269935131073,0.3152210116386413,0.3152210116386413,15931731,97.41210174560548
357,2022-01-27,0.3179149925708771,0.3258750140666961,0.2999680042266845,0.3130680024623871,0.3130680024623871,16115804,97.30999755859376
358,2022-01-26,0.3245860040187835,0.3513129949569702,0.3117800056934356,0.3180499970912933,0.3180499970912933,21751194,97.3395004272461
359,2022-01-25,0.3271619975566864,0.3374750018119812,0.3148120045661926,0.3246099948883056,0.3246099948883056,24057415,97.63159942626952
360,2022-01-24,0.3548400104045868,0.3548400104045868,0.2872940003871918,0.3273929953575134,0.3273929953575134,36038647,97.71019744873048
361,2022-01-21,0.4628959894180298,0.4732019901275635,0.3704339861869812,0.375214010477066,0.375214010477066,37387595,97.69000244140624
362,2022-01-20,0.4636130034923553,0.5367230176925659,0.4626210033893585,0.4628530144691467,0.4628530144691467,21382333,97.50260162353516
363,2022-01-19,0.4731059968471527,0.4853740036487579,0.4432069957256317,0.4637460112571716,0.4637460112571716,27246096,97.49420166015624
364,2022-01-18,0.4630419909954071,0.4741320013999939,0.4391950070858001,0.4731079936027527,0.4731079936027527,23270438,97.41069793701172
365,2022-01-14,0.4860750138759613,0.5076979994773865,0.4726000130176544,0.505092978477478,0.505092978477478,35092791,97.73500061035156
366,2022-01-13,0.5135999917984009,0.541018009185791,0.4853560030460357,0.485958993434906,0.485958993434906,48133246,97.99099731445312
367,2022-01-12,0.4698539972305298,0.5169820189476013,0.4572010040283203,0.5135279893875122,0.5135279893875122,40755861,97.91999816894533
368,2022-01-11,0.4514220058917999,0.4745779931545257,0.438044011592865,0.469864010810852,0.469864010810852,26317156,97.92230224609376
369,2022-01-10,0.4660390019416809,0.4757960140705108,0.4196099936962127,0.4512700140476227,0.4512700140476227,28168399,97.84510040283205
370,2022-01-07,0.5453940033912659,0.546068012714386,0.4977610111236572,0.4977610111236572,0.4977610111236572,38323653,97.89459991455078
371,2022-01-06,0.5718780159950256,0.6233389973640442,0.5361800193786621,0.5453540086746216,0.5453540086746216,84046102,97.98500061035156
372,2022-01-05,0.5415869951248169,0.642628014087677,0.5300260186195374,0.5719349980354309,0.5719349980354309,111857517,98.09639739990234
373,2022-01-04,0.5361459851264954,0.5635830163955688,0.523032009601593,0.5414170026779175,0.5414170026779175,31482399,98.29149627685548
374,2022-01-03,0.5666049718856812,0.5683320164680481,0.5257819890975952,0.5361440181732178,0.5361440181732178,28536778,98.2947006225586
375,2021-12-31,0.4954710006713867,0.5382590293884277,0.4871889948844909,0.5069100260734558,0.5069100260734558,47662498,98.58499908447266
376,2021-12-30,0.5005589723587036,0.5170800089836121,0.4886510074138641,0.495164006948471,0.495164006948471,19190649,98.6094970703125
377,2021-12-29,0.5206379890441895,0.5314840078353882,0.4964050054550171,0.5003060102462769,0.5003060102462769,20036083,98.48500061035156
378,2021-12-28,0.5676659941673279,0.57846599817276,0.5145609974861145,0.5201640129089355,0.5201640129089355,29432869,98.58999633789062
379,2021-12-27,0.5590389966964722,0.5970100164413452,0.55417400598526,0.567520022392273,0.567520022392273,39389421,98.5500030517578
380,2021-12-23,0.5549309849739075,0.5894669890403748,0.5387359857559204,0.5725939869880676,0.5725939869880676,32500864,98.5417022705078
381,2021-12-22,0.5636410117149353,0.5851699709892273,0.5487430095672607,0.5561059713363647,0.5561059713363647,36816368,98.591796875
382,2021-12-21,0.471345990896225,0.5928530097007751,0.471345990896225,0.5638840198516846,0.5638840198516846,128925789,98.5
383,2021-12-20,0.4650970101356506,0.4717789888381958,0.4304830133914947,0.4700509905815124,0.4700509905815124,33477587,98.6449966430664
384,2021-12-17,0.4995729923248291,0.5063779950141907,0.459969013929367,0.4732069969177246,0.4732069969177246,20893632,98.63999938964844
385,2021-12-16,0.503682017326355,0.5343490242958069,0.4928559958934784,0.4992089867591858,0.4992089867591858,24247114,98.65119934082033
386,2021-12-15,0.4865410029888153,0.5045830011367798,0.4514099955558777,0.5035889744758606,0.5035889744758606,27454518,98.443603515625
387,2021-12-14,0.4785650074481964,0.5025140047073364,0.4658609926700592,0.4663429856300354,0.4663429856300354,22239806,98.54499816894533
388,2021-12-13,0.5525709986686707,0.5544019937515259,0.4631009995937347,0.4795919954776764,0.4795919954776764,31055122,98.63500213623048
389,2021-12-10,0.5347830057144165,0.5757390260696411,0.5070369839668274,0.5100020170211792,0.5100020170211792,22567514,98.51000213623048
390,2021-12-09,0.614018976688385,0.6166089773178101,0.5336470007896423,0.5339249968528748,0.5339249968528748,30425195,98.46880340576172
391,2021-12-08,0.5797600150108337,0.6159579753875732,0.5519390106201172,0.6138160228729248,0.6138160228729248,40931561,98.44499969482422
392,2021-12-07,0.6059499979019165,0.6320289969444275,0.5708479881286621,0.5789120197296143,0.5789120197296143,42900860,98.51000213623048
393,2021-12-06,0.6045929789543152,0.6215919852256775,0.5171499848365784,0.6062800288200378,0.6062800288200378,63266888,98.59500122070312
394,2021-12-03,0.7368490099906921,0.8223479986190796,0.7229580283164978,0.758957028388977,0.758957028388977,93925221,98.76809692382812
395,2021-12-02,0.7567160129547119,0.7691469788551331,0.7287889719009399,0.7362220287322998,0.7362220287322998,33299462,98.5824966430664
396,2021-12-01,0.7288410067558289,0.7972180247306824,0.7283089756965637,0.7574160099029541,0.7574160099029541,72657274,98.61270141601562
397,2021-11-30,0.7494720220565796,0.7621480226516724,0.7265419960021973,0.7307140231132507,0.7307140231132507,67846116,98.6405029296875
398,2021-11-29,0.7613319754600525,0.7683770060539246,0.7313590049743652,0.74965900182724,0.74965900182724,29784517,98.56500244140624
399,2021-11-26,0.8190940022468567,0.8340380191802979,0.7090939879417419,0.7264530062675476,0.7264530062675476,56919953,98.5479965209961
400,2021-11-24,0.8211489915847778,0.863074004650116,0.7808730006217957,0.8155509829521179,0.8155509829521179,54937107,98.18499755859376
401,2021-11-23,0.8452500104904175,0.856939971446991,0.8111180067062378,0.8216270208358765,0.8216270208358765,59067150,98.17250061035156
402,2021-11-22,0.9020640254020692,0.9703249931335448,0.8139910101890564,0.845890998840332,0.845890998840332,177434981,98.2699966430664
403,2021-11-19,0.6825469732284546,0.7893030047416687,0.6684880256652832,0.7206940054893494,0.7206940054893494,58701457,98.6050033569336
404,2021-11-18,0.7813730239868164,0.7868810296058655,0.6656299829483032,0.6821349859237671,0.6821349859237671,61227742,98.58000183105467
405,2021-11-17,0.7600579857826233,0.8074629902839661,0.7411260008811951,0.7803969979286194,0.7803969979286194,45669931,98.52999877929688
406,2021-11-16,0.8832299709320068,0.8832299709320068,0.7294149994850159,0.7608699798583984,0.7608699798583984,110313847,98.4499969482422
407,2021-11-15,0.858909010887146,0.8847609758377075,0.8387479782104492,0.8789380192756653,0.8789380192756653,146037935,98.5071029663086
408,2021-11-12,0.8999329805374146,0.9263039827346802,0.8467839956283569,0.8795009851455688,0.8795009851455688,47937538,98.6343002319336
409,2021-11-11,0.8678339719772339,0.9637259840965272,0.8518459796905518,0.901502013206482,0.901502013206482,69375775,98.58499908447266
410,2021-11-10,0.9287430047988892,1.022542953491211,0.8530259728431702,0.8667920231819153,0.8667920231819153,129309788,98.6999969482422
411,2021-11-09,0.8607879877090454,0.9348379969596864,0.8426600098609924,0.9294480085372924,0.9294480085372924,89622021,99.06400299072266
412,2021-11-08,0.8287299871444702,0.9120550155639648,0.818979024887085,0.8613939881324768,0.8613939881324768,69305994,98.9250030517578
413,2021-11-05,0.8345450162887573,0.9334499835968018,0.8177400231361389,0.87711501121521,0.87711501121521,91426647,99.11000061035156
414,2021-11-04,0.8745369911193848,0.8990349769592285,0.8183029890060425,0.8349149823188782,0.8349149823188782,74560971,98.91010284423828
415,2021-11-03,0.8600040078163147,0.9775279760360718,0.8443629741668701,0.8742460012435913,0.8742460012435913,163775102,98.69499969482422
416,2021-11-02,0.7883970141410828,0.9058369994163512,0.7828230261802673,0.8593950271606445,0.8593950271606445,106843498,98.75
417,2021-11-01,0.7810059785842896,0.7887279987335205,0.7388650178909302,0.7880799770355225,0.7880799770355225,47333102,98.61720275878906
418,2021-10-29,0.7388880252838135,0.7617679834365845,0.7366420030593872,0.7407220005989075,0.7407220005989075,39365661,98.68060302734376
419,2021-10-28,0.7201730012893677,0.7625160217285156,0.7053790092468262,0.7411019802093506,0.7411019802093506,58803308,98.6500015258789
420,2021-10-27,0.7949830293655396,0.8361629843711853,0.7202000021934509,0.7202000021934509,0.7202000021934509,74020910,98.7699966430664
421,2021-10-26,0.7678930163383484,0.8452050089836121,0.7575730085372925,0.7937059998512268,0.7937059998512268,105356428,98.62999725341795
422,2021-10-25,0.7319629788398743,0.7818580269813538,0.729790985584259,0.7681509852409363,0.7681509852409363,54710862,98.56999969482422
423,2021-10-22,0.7174140214920044,0.7720080018043518,0.7155359983444214,0.7611950039863586,0.7611950039863586,71087512,98.51180267333984
424,2021-10-21,0.7392429709434509,0.7600849866867065,0.7165160179138184,0.7172189950942993,0.7172189950942993,66125408,98.4749984741211
425,2021-10-20,0.7127910256385803,0.7595499753952026,0.7037280201911926,0.7379050254821777,0.7379050254821777,73809607,98.67449951171876
426,2021-10-19,0.7283750176429749,0.7385240197181702,0.6950460076332092,0.7128829956054688,0.7128829956054688,69915858,98.59500122070312
427,2021-10-18,0.7421820163726807,0.7634590268135071,0.7168310284614563,0.72809898853302,0.72809898853302,41438462,98.66999816894533
428,2021-10-15,0.7325159907341003,0.7573779821395874,0.7074779868125916,0.7508000135421753,0.7508000135421753,91559099,98.7750015258789
429,2021-10-14,0.7332919836044312,0.7586770057678223,0.7164689898490906,0.7304710149765015,0.7304710149765015,47439984,98.94000244140624
430,2021-10-13,0.7267019748687744,0.743973970413208,0.7020379900932312,0.7347589731216431,0.7347589731216431,38885614,98.83699798583984
431,2021-10-12,0.745576024055481,0.7505149841308594,0.6888660192489624,0.7269240021705627,0.7269240021705627,54922471,98.8249969482422
432,2021-10-11,0.7763040065765381,0.8139240145683289,0.7264580130577087,0.7454239726066589,0.7454239726066589,60748317,98.72440338134766
433,2021-10-08,0.713578999042511,0.7999529838562012,0.6893090009689331,0.7557209730148315,0.7557209730148315,156587146,98.86000061035156
434,2021-10-07,0.6969410181045532,0.7350850105285645,0.6780070066452026,0.7146570086479187,0.7146570086479187,141165018,98.91500091552734
435,2021-10-06,0.7405210137367249,0.7502859830856323,0.6732689738273621,0.6976169943809509,0.6976169943809509,111928507,99.05999755859376
436,2021-10-05,0.7481610178947449,0.7823920249938965,0.7243409752845764,0.7398489713668823,0.7398489713668823,146950856,99.06500244140624
437,2021-10-04,0.7957590222358704,0.7965630292892456,0.7314209938049316,0.7456039786338806,0.7456039786338806,156076965,99.1500015258789
438,2021-10-01,0.7229679822921753,0.814723014831543,0.7161499857902527,0.7885429859161377,0.7885429859161377,59821978,99.18000030517578
439,2021-09-30,0.6987789869308472,0.7737039923667908,0.6914780139923096,0.7227810025215149,0.7227810025215149,56904825,99.0199966430664
440,2021-09-29,0.6845939755439758,0.7514340281486511,0.6726369857788086,0.6986070275306702,0.6986070275306702,60259796,98.98490142822266
441,2021-09-28,0.7381680011749268,0.7546820044517517,0.6820840239524841,0.6835929751396179,0.6835929751396179,99422540,98.96499633789062
442,2021-09-27,0.812699019908905,0.830560028553009,0.7365480065345764,0.7373859882354736,0.7373859882354736,69274663,99.18000030517578
443,2021-09-24,0.8447719812393188,0.8687490224838257,0.6977999806404114,0.819130003452301,0.819130003452301,150469400,99.19000244140624
444,2021-09-23,0.7431409955024719,0.8691970109939575,0.7017099857330322,0.8461800217628479,0.8461800217628479,102502940,99.2947006225586
445,2021-09-22,0.6026430130004883,0.7445909976959229,0.5874940156936646,0.7439150214195251,0.7439150214195251,75298720,99.5500030517578
446,2021-09-21,0.6804019808769226,0.7217289805412292,0.5836139917373657,0.6032459735870361,0.6032459735870361,114982029,99.58999633789062
447,2021-09-20,0.7657489776611328,0.7677739858627319,0.629023015499115,0.675337016582489,0.675337016582489,196912500,99.625
448,2021-09-17,0.9101970195770264,0.9346160292625428,0.822845995426178,0.8249809741973877,0.8249809741973877,113318987,99.46499633789062
449,2021-09-16,0.9498249888420104,1.0234980583190918,0.889955997467041,0.9105640053749084,0.9105640053749084,104180069,99.58000183105467
450,2021-09-15,0.9080790281295776,0.9807239770889282,0.870881974697113,0.9506930112838744,0.9506930112838744,87187785,99.66000366210938
451,2021-09-14,0.8983039855957031,0.9974849820137024,0.8608629703521729,0.906387984752655,0.906387984752655,100776450,99.73500061035156
452,2021-09-13,0.8810060024261475,0.930010974407196,0.7853389978408813,0.8931139707565308,0.8931139707565308,100639245,99.61499786376952
453,2021-09-10,0.8978400230407715,0.9415169954299928,0.7668960094451904,0.7933769822120667,0.7933769822120667,124881988,99.63500213623048
454,2021-09-09,0.8357840180397034,1.036018967628479,0.8300129771232605,0.8977839946746826,0.8977839946746826,204482327,99.7249984741211
455,2021-09-08,0.9089170098304749,1.189808964729309,0.858663022518158,0.8914110064506531,0.8914110064506531,298674759,99.61000061035156
456,2021-09-07,0.813385009765625,1.115193009376526,0.7225210070610046,0.9077990055084229,0.9077990055084229,535574598,99.55509948730467
457,2021-09-03,0.7060520052909851,0.7556869983673096,0.68892902135849,0.7340589761734009,0.7340589761734009,56320776,99.69000244140624
458,2021-09-02,0.7124649882316589,0.735148012638092,0.6762639880180359,0.7064419984817505,0.7064419984817505,65865313,99.72019958496094
459,2021-09-01,0.7256860136985779,0.7738779783248901,0.6703119874000549,0.7109119892120361,0.7109119892120361,103240525,99.68000030517578
460,2021-08-31,0.624180018901825,0.7283070087432861,0.6219279766082764,0.7232980132102966,0.7232980132102966,87735010,99.69499969482422
461,2021-08-30,0.6068300008773804,0.691785991191864,0.5887200236320496,0.6211649775505066,0.6211649775505066,105446559,99.68499755859376
462,2021-08-27,0.5173429846763611,0.5623260140419006,0.5035390257835388,0.5623260140419006,0.5623260140419006,30249741,99.5864028930664
463,2021-08-26,0.5694770216941833,0.5850350260734558,0.5165839791297913,0.5170199871063232,0.5170199871063232,43772275,99.45850372314452
464,2021-08-25,0.5210099816322327,0.585207998752594,0.5103979706764221,0.5689839720726013,0.5689839720726013,55142564,99.44499969482422
465,2021-08-24,0.5605040192604065,0.5684970021247864,0.5045210123062134,0.5208380222320557,0.5208380222320557,47551657,99.53500366210938
466,2021-08-23,0.5589320063591003,0.5850579738616943,0.5534049868583679,0.5591319799423218,0.5591319799423218,49271935,99.59320068359376
467,2021-08-20,0.5441060066223145,0.58502197265625,0.5332279801368713,0.5633360147476196,0.5633360147476196,41868917,99.5696029663086
468,2021-08-19,0.5010889768600464,0.5772780179977417,0.5010889768600464,0.5439559817314148,0.5439559817314148,86645376,99.6050033569336
469,2021-08-18,0.4632979929447174,0.5375149846076965,0.4440929889678955,0.5006539821624756,0.5006539821624756,50639126,99.5500030517578
470,2021-08-17,0.4910579919815063,0.5439860224723816,0.4601559937000274,0.4631319940090179,0.4631319940090179,56663213,99.5999984741211
471,2021-08-16,0.4978660047054291,0.5485609769821167,0.488552987575531,0.4931449890136719,0.4931449890136719,46788286,99.64959716796876
472,2021-08-13,0.5100119709968567,0.536873996257782,0.5020269751548767,0.5151069760322571,0.5151069760322571,34305454,99.5824966430664
473,2021-08-12,0.4837589859962463,0.5199649930000305,0.4682140052318573,0.5095120072364807,0.5095120072364807,52152814,99.44499969482422
474,2021-08-11,0.4574609994888305,0.549714982509613,0.4538289904594421,0.4831070005893707,0.4831070005893707,164637911,99.46929931640624
475,2021-08-10,0.3984430134296417,0.4704790115356445,0.3933010101318359,0.4585849940776825,0.4585849940776825,94255695,99.38929748535156
476,2021-08-09,0.376691997051239,0.4098609983921051,0.3712950050830841,0.399168998003006,0.399168998003006,30216764,99.47740173339844
477,2021-08-06,0.4157629907131195,0.4404940009117126,0.4078209996223449,0.4121519923210144,0.4121519923210144,47242073,99.55850219726562
478,2021-08-05,0.3959439992904663,0.4183570146560669,0.3924849927425384,0.4158079922199249,0.4158079922199249,36601165,99.73500061035156
479,2021-08-04,0.3738270103931427,0.4082329869270324,0.3623780012130737,0.3969129920005798,0.3969129920005798,27909329,99.84660339355467
480,2021-08-03,0.3823490142822265,0.3949159979820251,0.3659450113773346,0.3723199963569641,0.3723199963569641,28664834,99.90470123291016
481,2021-08-02,0.3906930088996887,0.4212779998779297,0.3818080127239227,0.3825210034847259,0.3825210034847259,35854180,99.9010009765625
482,2021-07-30,0.389055997133255,0.402658998966217,0.346231997013092,0.3791399896144867,0.3791399896144867,44768430,99.77670288085938
483,2021-07-29,0.3433719873428345,0.3880929946899414,0.3331809937953949,0.3880929946899414,0.3880929946899414,46701731,99.70369720458984
484,2021-07-28,0.355098009109497,0.3901210129261017,0.3370400071144104,0.3433220088481903,0.3433220088481903,53299627,99.75499725341795
485,2021-07-27,0.3158209919929504,0.3768379986286163,0.3072249889373779,0.3576419949531555,0.3576419949531555,66854678,99.71540069580078
486,2021-07-26,0.345661997795105,0.4005509912967682,0.3152590095996856,0.3186550140380859,0.3186550140380859,66932023,99.65249633789062
487,2021-07-23,0.2690559923648834,0.2922649979591369,0.2629539966583252,0.2870630025863647,0.2870630025863647,27355781,99.64099884033205
488,2021-07-22,0.264301985502243,0.278670996427536,0.2572210133075714,0.2690480053424835,0.2690480053424835,25182987,99.63819885253906
489,2021-07-21,0.2600570023059845,0.2964150011539459,0.255961000919342,0.2631329894065857,0.2631329894065857,30131380,99.54830169677734
490,2021-07-20,0.2247159928083419,0.2929520010948181,0.2122630029916763,0.2605949938297272,0.2605949938297272,46501641,99.7073974609375
491,2021-07-19,0.2333890050649643,0.2335530072450637,0.2082719951868057,0.2243490070104599,0.2243490070104599,23035724,99.65029907226562
492,2021-07-16,0.2246730029582977,0.2299010008573532,0.200096994638443,0.200096994638443,0.200096994638443,15848528,99.11000061035156
493,2021-07-15,0.242926999926567,0.2478840053081512,0.2207259982824325,0.2234330028295517,0.2234330028295517,16037044,99.11000061035156
494,2021-07-14,0.2385620027780532,0.2457239925861358,0.2210180014371872,0.2432969957590103,0.2432969957590103,19626738,99.11000061035156
495,2021-07-13,0.2661040127277374,0.2661040127277374,0.2344190031290054,0.2385720014572143,0.2385720014572143,21934841,99.11000061035156
496,2021-07-12,0.2890489995479584,0.2903699874877929,0.257750004529953,0.2671540081501007,0.2671540081501007,19843663,99.11000061035156
497,2021-07-09,0.2678099870681762,0.2890630066394806,0.2560209929943084,0.2867299914360046,0.2867299914360046,26963876,99.11000061035156
498,2021-07-08,0.2715910077095032,0.2799699902534485,0.2527990043163299,0.2679919898509979,0.2679919898509979,24512284,99.11000061035156
499,2021-07-07,0.289249986410141,0.2981080114841461,0.2702359855175018,0.2713580131530761,0.2713580131530761,24971875,99.11000061035156
500,2021-07-06,0.2749210000038147,0.2962400019168854,0.2744260132312774,0.2892279922962188,0.2892279922962188,34744347,99.11000061035156
501,2021-07-02,0.2501859962940216,0.2521620094776153,0.2306790053844452,0.2515020072460174,0.2515020072460174,31441465,99.11000061035156
502,2021-07-01,0.2286780029535293,0.2546789944171905,0.2125079929828643,0.249792993068695,0.249792993068695,37981008,99.11000061035156
503,2021-06-30,0.2229560017585754,0.2328480035066604,0.2046550065279007,0.2287590056657791,0.2287590056657791,28776832,99.11000061035156
504,2021-06-29,0.2099959999322891,0.2353409975767135,0.2090030014514923,0.2226880043745041,0.2226880043745041,27712069,99.11000061035156
505,2021-06-28,0.1924130022525787,0.2156949937343597,0.1892420053482055,0.2100230008363723,0.2100230008363723,32981063,99.11000061035156
506,2021-06-25,0.2132000029087066,0.216617003083229,0.1854670047760009,0.1874960064888,0.1874960064888,23169490,99.11000061035156
507,2021-06-24,0.2047259956598281,0.2140800058841705,0.198182001709938,0.2133930027484893,0.2133930027484893,24551029,99.11000061035156
508,2021-06-23,0.1879770010709762,0.2120819985866546,0.1813440024852752,0.2075770050287246,0.2075770050287246,27299066,99.11000061035156
509,2021-06-22,0.1951179951429367,0.2106070071458816,0.1604579985141754,0.1881310045719146,0.1881310045719146,24485790,99.11000061035156
510,2021-06-21,0.2615630030632019,0.2627829909324646,0.1906819939613342,0.1954900026321411,0.1954900026321411,24747290,99.11000061035156
511,2021-06-18,0.2927750051021576,0.2960470020771026,0.2552469968795776,0.2677749991416931,0.2677749991416931,27377721,99.11000061035156
512,2021-06-17,0.2943310141563415,0.3071509897708893,0.2820630073547363,0.2925780117511749,0.2925780117511749,31533935,99.11000061035156
513,2021-06-16,0.2904089987277984,0.3105179965496063,0.2802619934082031,0.2946130037307739,0.2946130037307739,30450837,99.11000061035156
514,2021-06-15,0.2875289916992187,0.2975269854068756,0.2792969942092895,0.2919259965419769,0.2919259965419769,28656513,99.11000061035156
515,2021-06-14,0.2826299965381622,0.3045629858970642,0.2780689895153045,0.2921499907970428,0.2921499907970428,13827671,99.11000061035156
516,2021-06-11,0.2863189876079559,0.3043529987335205,0.2687380015850067,0.2707310020923614,0.2707310020923614,12641305,99.11000061035156
517,2021-06-10,0.3147160112857818,0.3202430009841919,0.2819919884204864,0.2860110104084015,0.2860110104084015,17785540,99.11000061035156
518,2021-06-09,0.3154760003089905,0.3357320129871368,0.2936939895153045,0.3136610090732574,0.3136610090732574,25122409,99.11000061035156
519,2021-06-08,0.306784987449646,0.3250010013580322,0.2616280019283294,0.3169179856777191,0.3169179856777191,34059936,99.11000061035156
520,2021-06-07,0.3532800078392029,0.3722839951515198,0.3021329939365387,0.3060359954833984,0.3060359954833984,20420308,99.11000061035156
521,2021-06-04,0.4072529971599579,0.4091359972953796,0.3343960046768188,0.3659430146217346,0.3659430146217346,27507761,99.11000061035156
522,2021-06-03,0.3505330085754394,0.4339430034160614,0.3476659953594208,0.4067080020904541,0.4067080020904541,50334176,99.11000061035156
523,2021-06-02,0.3270260095596313,0.3564000129699707,0.312269002199173,0.3505519926548004,0.3505519926548004,34789740,99.11000061035156
524,2021-06-01,0.3280430138111114,0.3392210006713867,0.3106189966201782,0.3267880082130432,0.3267880082130432,37644154,99.11000061035156
525,2021-05-28,0.2962720096111297,0.3346880078315735,0.2448100000619888,0.3153350055217743,0.3153350055217743,48201379,99.11000061035156
526,2021-05-27,0.3341160118579864,0.3359409868717193,0.2908709943294525,0.2955740094184875,0.2955740094184875,23082104,99.11000061035156
527,2021-05-26,0.2788150012493133,0.3425650000572204,0.2663609981536865,0.3336820006370544,0.3336820006370544,35841794,99.11000061035156
528,2021-05-25,0.2875800132751465,0.3018980026245117,0.2436320036649704,0.2794690132141113,0.2794690132141113,26074614,99.11000061035156
529,2021-05-24,0.212238997220993,0.2951459884643554,0.2061160057783126,0.2868350148200989,0.2868350148200989,31579621,99.11000061035156
530,2021-05-21,0.3479320108890533,0.3640390038490295,0.2513119876384735,0.2908830046653747,0.2908830046653747,24592893,99.11000061035156
531,2021-05-20,0.3283169865608215,0.3989759981632232,0.2854140102863312,0.3490000069141388,0.3490000069141388,27195501,99.11000061035156
532,2021-05-19,0.5092960000038147,0.5116540193557739,0.2502250075340271,0.3282960057258606,0.3282960057258606,37413785,99.11000061035156
533,2021-05-18,0.4333980083465576,0.5474110245704651,0.4269540011882782,0.5087190270423889,0.5087190270423889,54106802,99.11000061035156
534,2021-05-17,0.4634200036525726,0.4679299890995025,0.4132840037345886,0.4333760142326355,0.4333760142326355,27299118,99.11000061035156
535,2021-05-14,0.4483250081539154,0.5035219788551331,0.4441800117492676,0.4735249876976013,0.4735249876976013,28157936,99.11000061035156
536,2021-05-13,0.444701999425888,0.4895400106906891,0.4130080044269562,0.4456369876861572,0.4456369876861572,24627431,99.11000061035156
537,2021-05-12,0.5440199971199036,0.5541639924049377,0.4418709874153137,0.4418709874153137,0.4418709874153137,18920457,99.11000061035156
538,2021-05-11,0.4907270073890686,0.5650510191917419,0.4649910032749176,0.5442259907722473,0.5442259907722473,31795607,99.11000061035156
539,2021-05-10,0.5316470265388489,0.5746099948883057,0.4458999931812286,0.4920209944248199,0.4920209944248199,32640627,99.11000061035156
540,2021-05-07,0.5621730089187622,0.6056889891624451,0.5392320156097412,0.5709440112113953,0.5709440112113953,32733570,99.14749908447266
541,2021-05-06,0.5908979773521423,0.6163920164108276,0.5481399893760681,0.5613549947738647,0.5613549947738647,31028326,99.0749969482422
542,2021-05-05,0.5478150248527527,0.6179959774017334,0.5377230048179626,0.5900470018386841,0.5900470018386841,41470591,99.05999755859376
543,2021-05-04,0.6352329850196838,0.6352329850196838,0.5320730209350586,0.5495139956474304,0.5495139956474304,53697921,98.98500061035156
544,2021-05-03,0.6351640224456787,0.6965630054473877,0.6275699734687805,0.6343160271644592,0.6343160271644592,40051661,98.9446029663086
545,2021-04-30,0.5620589852333069,0.6205589771270752,0.5511289834976196,0.60002601146698,0.60002601146698,45836918,98.88929748535156
546,2021-04-29,0.58160799741745,0.633899986743927,0.5482059717178345,0.5620399713516235,0.5620399713516235,52087650,98.8550033569336
547,2021-04-28,0.6260460019111633,0.6479330062866211,0.5310490131378174,0.5803149938583374,0.5803149938583374,82485244,98.88639831542967
548,2021-04-27,0.4594300091266632,0.6462630033493042,0.4511690139770508,0.6327630281448364,0.6327630281448364,131447911,98.83260345458984
549,2021-04-26,0.3586210012435913,0.4767830073833465,0.3517999947071075,0.45728200674057,0.45728200674057,62527367,98.97000122070312
550,2021-04-23,0.4072090089321136,0.4173089861869812,0.3405390083789825,0.4121040105819702,0.4121040105819702,36394785,98.9800033569336
551,2021-04-22,0.4672139883041382,0.4922040104866028,0.3983930051326751,0.4068019986152649,0.4068019986152649,35770494,99.0009994506836
552,2021-04-21,0.5357319712638855,0.5637980103492737,0.4655759930610657,0.4687229990959167,0.4687229990959167,35989055,98.97049713134766
553,2021-04-20,0.4779579937458038,0.546645998954773,0.4118539988994598,0.5358970165252686,0.5358970165252686,55163428,99.04409790039062
554,2021-04-19,0.5436800122261047,0.5694850087165833,0.4691089987754822,0.4772590100765228,0.4772590100765228,37932368,99.1011962890625
555,2021-04-16,0.6505770087242126,0.6602950096130371,0.5910450220108032,0.6077340245246887,0.6077340245246887,43648868,99.24469757080078
556,2021-04-15,0.5975149869918823,0.6613119840621948,0.5880100131034851,0.652396023273468,0.652396023273468,51578799,99.00830078125
557,2021-04-14,0.6075459718704224,0.6184170246124268,0.572858989238739,0.5989559888839722,0.5989559888839722,39307745,98.81089782714844
558,2021-04-13,0.608896017074585,0.6441460251808167,0.578108012676239,0.6075739860534668,0.6075739860534668,47684008,98.8228988647461
559,2021-04-12,0.6344680190086365,0.6699280142784119,0.6006320118904114,0.6088759899139404,0.6088759899139404,45096838,98.70919799804688
560,2021-04-09,0.6091449856758118,0.7595840096473694,0.603892982006073,0.683131992816925,0.683131992816925,150123729,98.75569915771484
561,2021-04-08,0.5967779755592346,0.6554610133171082,0.5891259908676147,0.6090840101242065,0.6090840101242065,36022631,98.81500244140624
562,2021-04-07,0.6688089966773987,0.6803240180015564,0.557030975818634,0.5991420149803162,0.5991420149803162,55508307,98.72160339355467
563,2021-04-06,0.6815410256385803,0.7468370199203491,0.6419230103492737,0.6692479848861694,0.6692479848861694,70289140,98.71089935302734
564,2021-04-05,0.7271749973297119,0.7313370108604431,0.6639670133590698,0.6821510195732117,0.6821510195732117,48609849,98.52320098876952
565,2021-04-01,0.7288749814033508,0.7631440162658691,0.6918879747390747,0.714352011680603,0.714352011680603,66359076,98.6449966430664
566,2021-03-31,0.8095420002937317,0.8785049915313721,0.7222470045089722,0.7299249768257141,0.7299249768257141,101654591,98.5146026611328
567,2021-03-30,0.8205569982528687,0.8385469913482666,0.7682960033416748,0.8007460236549377,0.8007460236549377,62472554,98.51280212402344
568,2021-03-29,0.7810609936714172,0.8467739820480347,0.7535430192947388,0.8205620050430298,0.8205620050430298,63402866,98.5365982055664
569,2021-03-26,0.610351026058197,0.7296440005302429,0.6090430021286011,0.699284017086029,0.699284017086029,61089118,98.63500213623048
570,2021-03-25,0.6236060261726379,0.643655002117157,0.5630180239677429,0.6098300218582153,0.6098300218582153,44274573,98.73179626464844
571,2021-03-24,0.6310139894485474,0.7272970080375671,0.6147969961166382,0.6252560019493103,0.6252560019493103,51500557,98.72579956054688
572,2021-03-23,0.6781989932060242,0.7145460247993469,0.6015959978103638,0.6305670142173767,0.6305670142173767,61502611,98.6876983642578
573,2021-03-22,0.6412519812583923,0.7733950018882751,0.597806990146637,0.6796330213546753,0.6796330213546753,126995157,98.56500244140624
574,2021-03-19,0.5960559844970703,0.6497690081596375,0.5724980235099792,0.6043779850006104,0.6043779850006104,56385057,98.47730255126952
575,2021-03-18,0.6579040288925171,0.665224015712738,0.585548996925354,0.5962370038032532,0.5962370038032532,53636093,98.48979949951172
576,2021-03-17,0.6158350110054016,0.680974006652832,0.596422016620636,0.6586229801177979,0.6586229801177979,57188450,98.70149993896484
577,2021-03-16,0.6476659774780273,0.6510480046272278,0.5642560124397278,0.6155149936676025,0.6155149936676025,73932464,98.62940216064452
578,2021-03-15,0.6878029704093933,0.7180969715118408,0.5877439975738525,0.6546379923820496,0.6546379923820496,80837028,98.61830139160156
579,2021-03-12,0.4402619898319244,0.5417799949645996,0.4327900111675262,0.5268959999084473,0.5268959999084473,82447284,98.59259796142578
580,2021-03-11,0.4558460116386413,0.4692449867725372,0.4171499907970428,0.4408079981803894,0.4408079981803894,43455558,98.8416976928711
581,2021-03-10,0.428844004869461,0.4936749935150146,0.3968519866466522,0.4560379981994629,0.4560379981994629,60433168,98.73919677734376
582,2021-03-09,0.4432890117168426,0.4850910007953644,0.4267620146274566,0.43019700050354,0.43019700050354,58922640,98.625
583,2021-03-08,0.3741500079631805,0.4469999969005584,0.369141012430191,0.4426400065422058,0.4426400065422058,60829057,98.53050231933594
584,2021-03-05,0.3237519860267639,0.4000740051269531,0.3026970028877258,0.3759070038795471,0.3759070038795471,74321141,98.76000213623048
585,2021-03-04,0.3614709973335266,0.3717949986457824,0.3172399997711181,0.3236629962921142,0.3236629962921142,43002956,98.84500122070312
586,2021-03-03,0.31181800365448,0.3632169961929321,0.3018519878387451,0.3623790144920349,0.3623790144920349,49578534,99.01180267333984
587,2021-03-02,0.279338002204895,0.3158800005912781,0.2702409923076629,0.3118030130863189,0.3118030130863189,32229719,99.18000030517578
588,2021-03-01,0.2462439984083175,0.2877210080623626,0.243940994143486,0.2787429988384247,0.2787429988384247,24489677,99.10759735107422
589,2021-02-26,0.2270080000162124,0.2421939969062805,0.2002730071544647,0.2246579974889755,0.2246579974889755,20312650,98.98310089111328
590,2021-02-25,0.2329329997301101,0.2617560029029846,0.2251970022916793,0.2257499992847442,0.2257499992847442,19981212,98.7531967163086
591,2021-02-24,0.2234890013933181,0.2678239941596985,0.2080170065164566,0.2328799962997436,0.2328799962997436,24004028,99.3644027709961
592,2021-02-23,0.2761040031909942,0.2766090035438537,0.1778080016374588,0.2231329977512359,0.2231329977512359,37327997,99.3988037109375
593,2021-02-22,0.2966220080852508,0.2987459897994995,0.2246930003166198,0.274617999792099,0.274617999792099,43318656,99.3550033569336
594,2021-02-19,0.306549996137619,0.3166849911212921,0.2770400047302246,0.2921110093593597,0.2921110093593597,43664895,99.45500183105467
595,2021-02-18,0.2355329990386963,0.3251540064811706,0.2355329990386963,0.3059790134429931,0.3059790134429931,90314499,99.58499908447266
596,2021-02-17,0.2269179970026016,0.2482720017433166,0.2101870030164718,0.2356429994106292,0.2356429994106292,15000691,99.56500244140624
597,2021-02-16,0.2392590045928955,0.2547590136528015,0.2172749936580658,0.2269529998302459,0.2269529998302459,17931246,99.5290985107422
598,2021-02-12,0.2352470010519027,0.269349992275238,0.2246329933404922,0.2519130110740661,0.2519130110740661,30262829,99.78459930419922
599,2021-02-11,0.2395980060100555,0.2554129958152771,0.223471000790596,0.2352470010519027,0.2352470010519027,28000052,99.86509704589844
600,2021-02-10,0.2511709928512573,0.2757039964199066,0.2106010019779205,0.2391439974308014,0.2391439974308014,36029300,99.87139892578124
601,2021-02-09,0.2137719988822937,0.2699210047721863,0.2079000025987625,0.2516419887542724,0.2516419887542724,46597630,99.78500366210938
602,2021-02-08,0.1820389926433563,0.2269899994134903,0.1793549954891204,0.2143500000238418,0.2143500000238418,54125221,99.75240325927734
603,2021-02-05,0.1485430002212524,0.1879069954156875,0.1477230042219162,0.1799339950084686,0.1799339950084686,33859448,99.7615966796875
604,2021-02-04,0.158037006855011,0.158037006855011,0.1313710063695907,0.1485549956560135,0.1485549956560135,23347703,99.78500366210938
605,2021-02-03,0.1098439991474151,0.1587570011615753,0.1097960025072097,0.1575450003147125,0.1575450003147125,40906404,99.76499938964844
606,2021-02-02,0.108765996992588,0.1118590012192726,0.1055760011076927,0.1097569987177848,0.1097569987177848,8907728,99.80960083007812
607,2021-02-01,0.0982140004634857,0.1128029972314834,0.0952880010008812,0.1087689995765686,0.1087689995765686,11995859,99.87100219726562
608,2021-01-29,0.0910139977931976,0.1143670007586479,0.0889829993247985,0.1100009977817535,0.1100009977817535,17312276,99.84929656982422
609,2021-01-28,0.0903099998831749,0.095939002931118,0.0881119966506958,0.0893720015883445,0.0893720015883445,7432931,99.85489654541016
610,2021-01-27,0.0950789973139762,0.1031880006194114,0.0824640020728111,0.0900949984788894,0.0900949984788894,12295284,99.89630126953124
611,2021-01-26,0.0826189965009689,0.0987849980592727,0.0803780034184455,0.0951979979872703,0.0951979979872703,10383767,99.91500091552734
612,2021-01-25,0.0883549973368644,0.0911609977483749,0.0810299962759018,0.0826689973473548,0.0826689973473548,6788609,99.91719818115234
613,2021-01-22,0.0804739966988563,0.0953110009431839,0.0741769969463348,0.0898919999599456,0.0898919999599456,9687366,99.83489990234376
614,2021-01-21,0.0921410024166107,0.0926000028848648,0.0787620022892952,0.0805959999561309,0.0805959999561309,7438678,99.79499816894533
615,2021-01-20,0.0914189964532852,0.0988999977707862,0.0818570032715797,0.0922250002622604,0.0922250002622604,9526178,99.83570098876952
616,2021-01-19,0.0968180000782013,0.1039159968495369,0.0902829989790916,0.0916759967803955,0.0916759967803955,11029560,99.83499908447266
617,2021-01-15,0.0769700035452842,0.0904069989919662,0.06682900339365,0.0880739986896514,0.0880739986896514,17446915,99.80770111083984
618,2021-01-14,0.0662790015339851,0.0784500017762184,0.0645570009946823,0.0769969969987869,0.0769969969987869,7026864,99.72699737548828
619,2021-01-13,0.0586449988186359,0.0668660029768943,0.0562519989907741,0.0662750005722045,0.0662750005722045,5318014,99.75689697265624
620,2021-01-12,0.0606050007045269,0.064020998775959,0.0565779991447925,0.0586449988186359,0.0586449988186359,4270904,99.66470336914062
621,2021-01-11,0.0700260028243064,0.0700260028243064,0.053566001355648,0.0606859996914863,0.0606859996914863,6099908,99.66500091552734
622,2021-01-08,0.0710209980607032,0.0808039978146553,0.0607779994606971,0.0716900005936622,0.0716900005936622,9141271,99.7249984741211
623,2021-01-07,0.0730779990553855,0.0833429992198944,0.0663599967956543,0.0710119977593422,0.0710119977593422,9659948,99.8136978149414
624,2021-01-06,0.0621320009231567,0.0757390037178993,0.059579998254776,0.0730570033192634,0.0730570033192634,9894039,99.87460327148438
625,2021-01-05,0.0571600012481212,0.0627579987049102,0.0563610009849071,0.0621129982173442,0.0621129982173442,5674451,100.0500030517578
626,2021-01-04,0.0568609982728958,0.0664739981293678,0.0515500009059906,0.0570500008761882,0.0570500008761882,7364713,100.1229019165039
627,2020-12-31,0.0521299988031387,0.0542320013046264,0.0510409995913505,0.051791001111269,0.051791001111269,2762851,100.15499877929688
628,2020-12-30,0.0522210001945495,0.0534220002591609,0.0504099987447261,0.0521299988031387,0.0521299988031387,3210624,100.10459899902344
629,2020-12-29,0.0545880012214183,0.05867800116539,0.0500140003859996,0.0521549992263317,0.0521549992263317,4537106,100.06500244140624
630,2020-12-28,0.0531000010669231,0.0575559996068477,0.0530479997396469,0.0545910000801086,0.0545910000801086,3892669,100.06300354003906
631,2020-12-24,0.0505190007388591,0.0517820008099079,0.0469829998910427,0.0507870018482208,0.0507870018482208,4501995,100.02670288085938
632,2020-12-23,0.0538999997079372,0.0595070011913776,0.0473259985446929,0.0505199991166591,0.0505199991166591,5919462,99.99009704589844
633,2020-12-22,0.0532840006053447,0.0555079989135265,0.0490959994494915,0.0539270006120204,0.0539270006120204,3708264,100.02999877929688
634,2020-12-21,0.0564839988946914,0.0577890016138553,0.0513850003480911,0.0532700009644031,0.0532700009644031,3574281,99.96009826660156
635,2020-12-18,0.0569319985806942,0.0625530034303665,0.0557590015232563,0.0599090009927749,0.0599090009927749,4719674,99.98500061035156
636,2020-12-17,0.055817998945713,0.0593539997935295,0.0540859997272491,0.0569350011646747,0.0569350011646747,6685087,99.99500274658205
637,2020-12-16,0.0521240010857582,0.0572020001709461,0.051350999623537,0.0559079982340335,0.0559079982340335,5261926,100.00499725341795
638,2020-12-15,0.0527089983224868,0.0535829998552799,0.0509140007197856,0.0521249994635582,0.0521249994635582,4005661,100.00499725341795
639,2020-12-14,0.0520690008997917,0.0551440007984638,0.0517540015280246,0.0527079999446868,0.0527079999446868,4032010,99.99500274658205
640,2020-12-11,0.050220999866724,0.0526099987328052,0.0470370016992092,0.05112199857831,0.05112199857831,4233653,100.01609802246094
641,2020-12-10,0.0485769994556903,0.0519560016691684,0.0463000014424324,0.0502180010080337,0.0502180010080337,4157341,99.93000030517578
642,2020-12-09,0.0478370003402233,0.0488919988274574,0.0446010008454322,0.0485789999365806,0.0485789999365806,3509704,99.8550033569336
643,2020-12-08,0.0532069988548755,0.0535599999129772,0.0468339994549751,0.0478149987757205,0.0478149987757205,4237160,99.97000122070312
644,2020-12-07,0.0520429983735084,0.0538609996438026,0.05129100009799,0.0532109998166561,0.0532109998166561,4563529,99.95500183105467
645,2020-12-04,0.0553510002791881,0.0559770017862319,0.050331000238657,0.0503639988601207,0.0503639988601207,3962868,99.86080169677734
646,2020-12-03,0.052700001746416,0.0574249997735023,0.0525370016694068,0.0554089993238449,0.0554089993238449,4903463,99.9749984741211
647,2020-12-02,0.0490869991481304,0.053686000406742,0.0484130010008811,0.0526299998164176,0.0526299998164176,4150900,99.875
648,2020-12-01,0.0505839996039867,0.0537320002913475,0.0475840009748935,0.0490849986672401,0.0490849986672401,4475282,99.90059661865234
649,2020-11-30,0.0499010011553764,0.051681999117136,0.0489070005714893,0.0504980012774467,0.0504980012774467,4011220,100.04499816894533
650,2020-11-27,0.0497649982571601,0.05154500156641,0.045864999294281,0.0494170002639293,0.0494170002639293,5075558,99.98999786376952
651,2020-11-25,0.0623110011219978,0.0683270022273063,0.0578100010752677,0.0598650015890598,0.0598650015890598,7785795,99.91000366210938
652,2020-11-24,0.0632150024175643,0.0649959966540336,0.0580420009791851,0.0624089986085891,0.0624089986085891,9098891,99.88500213623048
653,2020-11-23,0.053456000983715,0.0640669986605644,0.0528770014643669,0.0631589964032173,0.0631589964032173,9483221,99.88500213623048
654,2020-11-20,0.0532400012016296,0.0569869987666606,0.0513419993221759,0.0535520017147064,0.0535520017147064,8197318,99.91500091552734
655,2020-11-19,0.046349998563528,0.0568300001323223,0.0458379983901977,0.0532409995794296,0.0532409995794296,10843080,99.88999938964844
656,2020-11-18,0.051096998155117,0.0523970015347003,0.0433040000498294,0.046349998563528,0.046349998563528,6216816,99.8499984741211
657,2020-11-17,0.0431800000369548,0.051096998155117,0.0430469997227191,0.051096998155117,0.051096998155117,8133021,99.8499984741211
658,2020-11-16,0.042417999356985,0.044633001089096,0.0417490005493164,0.042978998273611,0.042978998273611,4407242,99.7699966430664
659,2020-11-13,0.041687998920679,0.0482480004429817,0.0413240008056163,0.0461370013654232,0.0461370013654232,5582010,99.77059936523438
660,2020-11-12,0.0447960011661052,0.0454850010573864,0.041508998721838,0.041687998920679,0.041687998920679,4001520,99.77410125732422
661,2020-11-11,0.045729000121355,0.0491230003535747,0.044318001717329,0.0447960011661052,0.0447960011661052,5166296,99.6552963256836
662,2020-11-10,0.0422959998250007,0.0477100014686584,0.0417869985103607,0.045729000121355,0.045729000121355,5224843,99.63999938964844
663,2020-11-09,0.0419810004532337,0.0425250008702278,0.03931799903512,0.0422959998250007,0.0422959998250007,3430466,99.74629974365234
664,2020-11-06,0.0400100015103817,0.0451700016856193,0.0396419987082481,0.0438209995627403,0.0438209995627403,4717845,99.90480041503906
665,2020-11-05,0.0396130010485649,0.0407689996063709,0.0372450016438961,0.0400100015103817,0.0400100015103817,4215214,99.99870300292967
666,2020-11-04,0.0370539985597133,0.0398340001702308,0.0360280014574527,0.0396130010485649,0.0396130010485649,3647710,99.97480010986328
667,2020-11-03,0.040557999163866,0.0406449995934963,0.0370530001819133,0.0370539985597133,0.0370539985597133,3248937,99.66500091552734
668,2020-11-02,0.0453610010445117,0.0462840013206005,0.0402810014784336,0.040557999163866,0.040557999163866,4740259,99.70240020751952
669,2020-10-30,0.0457900017499923,0.0459779985249042,0.0437440015375614,0.0452179983258247,0.0452179983258247,3594033,99.69989776611328
670,2020-10-29,0.0451710000634193,0.0474889986217021,0.0438579991459846,0.0457900017499923,0.0457900017499923,3791927,99.7699966430664
671,2020-10-28,0.046799998730421,0.0471829995512962,0.04356300085783,0.0451710000634193,0.0451710000634193,3979815,99.88500213623048
672,2020-10-27,0.0478329993784427,0.0485469996929168,0.0457770004868507,0.0467979982495307,0.0467979982495307,6708471,99.91500091552734
673,2020-10-26,0.0512109994888305,0.0530010014772415,0.0465589985251426,0.0478329993784427,0.0478329993784427,8868968,99.86000061035156
674,2020-10-23,0.0491379983723163,0.0533020012080669,0.0482800006866455,0.0530409999191761,0.0530409999191761,7724793,99.79000091552734
675,2020-10-22,0.0456660017371177,0.0509909987449646,0.0455520004034042,0.0491130016744136,0.0491130016744136,4679259,99.75
676,2020-10-21,0.0451290011405944,0.0483429990708828,0.0449189990758895,0.0457650013267993,0.0457650013267993,5306291,99.82430267333984
677,2020-10-20,0.0497890003025531,0.0521159991621971,0.0444840006530284,0.0451110005378723,0.0451110005378723,5210432,99.84709930419922
678,2020-10-19,0.0489340014755725,0.050000999122858,0.0466360002756118,0.0496740005910396,0.0496740005910396,5225248,99.88999938964844
679,2020-10-16,0.0502769984304904,0.0518569983541965,0.0436940006911754,0.0437770001590251,0.0437770001590251,5702850,99.9250030517578
680,2020-10-15,0.0520480014383792,0.0520480014383792,0.0487280003726482,0.0502390004694461,0.0502390004694461,4030416,99.94499969482422
681,2020-10-14,0.0531539991497993,0.0540690012276172,0.049880001693964,0.0520390011370182,0.0520390011370182,3918864,99.9749984741211
682,2020-10-13,0.054136998951435,0.0572220012545585,0.0520169995725154,0.0531499981880188,0.0531499981880188,4579404,99.96499633789062
683,2020-10-12,0.0537480004131794,0.0584239996969699,0.0530750006437301,0.0541829988360405,0.0541829988360405,5807134,99.94000244140624
684,2020-10-09,0.0510680004954338,0.0544259995222091,0.0491669997572898,0.0536240004003047,0.0536240004003047,4398258,99.94000244140624
685,2020-10-08,0.0463539995253086,0.0527179986238479,0.0436590015888214,0.0511230006814003,0.0511230006814003,5278262,99.99500274658205
686,2020-10-07,0.0444319993257522,0.0465559996664524,0.0433400012552738,0.0464249998331069,0.0464249998331069,3930839,99.91999816894533
687,2020-10-06,0.0517930015921592,0.0520009994506835,0.0443710014224052,0.0444299988448619,0.0444299988448619,4031380,100.02999877929688
688,2020-10-05,0.0522040016949176,0.0540609993040561,0.0508590005338192,0.0518230013549327,0.0518230013549327,5135306,99.99500274658205
689,2020-10-02,0.0617359988391399,0.0617359988391399,0.0530930012464523,0.0546730011701583,0.0546730011701583,5848923,100.0
690,2020-10-01,0.0686639994382858,0.071833997964859,0.0605759993195533,0.0617740005254745,0.0617740005254745,5983287,100.0
